pkg,gb,api,runtime_serial
cdat,7,spatial_avg,11.412926964461803
cdat,12,spatial_avg,18.483002154156566
cdat,22,spatial_avg,70.2221071831882
cdat,50,spatial_avg,153.61358340457082
cdat,105,spatial_avg,455.77173192985356
