row_key,dataset_id,data_dir,kerchunk_file,frequency,var_id,netcdf_file_count,nfiles_bin,bin_selected_rank,operation,operation_config_json,status,skip_reason,error_type,error_message,structure_match,dims_match,dtype_match,coords_match,data_match,rtol,atol,mismatching_elements,mismatching_percent,max_abs_diff,max_rel_diff,nan_mismatch_count,axis_T_kerchunk,axis_T_netcdf,axis_Y_kerchunk,axis_Y_netcdf,axis_X_kerchunk,axis_X_netcdf,axis_Z_kerchunk,axis_Z_netcdf,all_checks_pass,failure_categories_json,primary_failure_category,diagnostics_json
CMIP6.CMIP.MIROC.MIROC6.abrupt-4xCO2.r1i1p1f1.Amon.ta.gn.v20190705::horizontal,CMIP6.CMIP.MIROC.MIROC6.abrupt-4xCO2.r1i1p1f1.Amon.ta.gn.v20190705,/global/cfs/projectdirs/m4931/gsharing/css03_data/CMIP6/CMIP/MIROC/MIROC6/abrupt-4xCO2/r1i1p1f1/Amon/ta/gn/v20190705,/global/cfs/projectdirs/m4931/kerchunk/ta/abrupt-4xCO2/mon/CMIP6.CMIP.MIROC.MIROC6.abrupt-4xCO2.r1i1p1f1.Amon.ta.gn.v20190705.kerchunk.json,Amon,ta,25,25-49,4,horizontal,"{""method"": ""bilinear"", ""target_grid"": {""lat_name"": ""lat"", ""lat_start"": -88, ""lat_step"": 4, ""lat_stop"": 88, ""lon_name"": ""lon"", ""lon_start"": 2, ""lon_step"": 4, ""lon_stop"": 358}, ""tool"": ""xesmf""}",ok,,,,True,True,True,True,True,1e-06,1e-08,0.0,0.0,0.0,0.0,0.0,time,time,lat,lat,lon,lon,plev,plev,True,[],,"{""backend_execution"": {""kerchunk"": {""added_missing_bounds"": true, ""added_missing_bounds_axes"": [""X"", ""Y""], ""backend"": ""kerchunk"", ""dropped_non_dim_coords"": [], ""output_var_dims"": [""time"", ""plev"", ""lat"", ""lon""], ""output_var_dtype"": ""float32"", ""output_var_shape"": [240, 19, 45, 90], ""x_axis_name"": ""lon"", ""y_axis_name"": ""lat""}, ""netcdf"": {""added_missing_bounds"": true, ""added_missing_bounds_axes"": [""X"", ""Y""], ""backend"": ""netcdf"", ""dropped_non_dim_coords"": [], ""output_var_dims"": [""time"", ""plev"", ""lat"", ""lon""], ""output_var_dtype"": ""float32"", ""output_var_shape"": [240, 19, 45, 90], ""x_axis_name"": ""lon"", ""y_axis_name"": ""lat""}}, ""data"": {""left_dims"": [""time"", ""plev"", ""lat"", ""lon""], ""left_dtype"": ""float32"", ""left_shape"": [240, 19, 45, 90], ""max_abs_diff"": 0.0, ""max_rel_diff"": 0.0, ""mismatch_mask"": null, ""nan_mismatch_count"": 0, ""right_dims"": [""time"", ""plev"", ""lat"", ""lon""], ""right_dtype"": ""float32"", ""right_shape"": [240, 19, 45, 90]}, ""kerchunk_file_exists"": true, ""missing_netcdf_files"": [], ""netcdf_file_count_resolved"": 25, ""operation"": ""horizontal"", ""operation_config"": {""method"": ""bilinear"", ""target_grid"": {""lat_name"": ""lat"", ""lat_start"": -88, ""lat_step"": 4, ""lat_stop"": 88, ""lon_name"": ""lon"", ""lon_start"": 2, ""lon_step"": 4, ""lon_stop"": 358}, ""tool"": ""xesmf""}, ""output_axes"": {""axis_mismatch_reasons"": [], ""axis_resolution_errors"": {}, ""ignored_symmetric_axis_resolution_errors"": {}}, ""source_axes"": {""axis_mismatch_reasons"": [], ""axis_resolution_errors"": {}, ""ignored_symmetric_axis_resolution_errors"": {}}, ""structure"": {""coord_value_mismatches"": {}, ""extra_coord_names_in_kerchunk"": [], ""kerchunk_coord_names"": [""lat"", ""lon"", ""plev"", ""time""], ""kerchunk_dims"": [""time"", ""plev"", ""lat"", ""lon""], ""kerchunk_dtype"": ""float32"", ""kerchunk_shape"": [240, 19, 45, 90], ""missing_coord_names_in_kerchunk"": [], ""netcdf_coord_names"": [""lat"", ""lon"", ""plev"", ""time""], ""netcdf_dims"": [""time"", ""plev"", ""lat"", ""lon""], ""netcdf_dtype"": ""float32"", ""netcdf_shape"": [240, 19, 45, 90]}}"
CMIP6.CMIP.MIROC.MIROC6.abrupt-4xCO2.r1i1p1f1.Amon.ta.gn.v20190705::spatial,CMIP6.CMIP.MIROC.MIROC6.abrupt-4xCO2.r1i1p1f1.Amon.ta.gn.v20190705,/global/cfs/projectdirs/m4931/gsharing/css03_data/CMIP6/CMIP/MIROC/MIROC6/abrupt-4xCO2/r1i1p1f1/Amon/ta/gn/v20190705,/global/cfs/projectdirs/m4931/kerchunk/ta/abrupt-4xCO2/mon/CMIP6.CMIP.MIROC.MIROC6.abrupt-4xCO2.r1i1p1f1.Amon.ta.gn.v20190705.kerchunk.json,Amon,ta,25,25-49,4,spatial,"{""axis"": [""X"", ""Y""], ""weights"": ""generate""}",ok,,,,True,True,True,True,True,1e-06,1e-08,0.0,0.0,0.0,0.0,0.0,time,time,lat,lat,lon,lon,plev,plev,True,[],,"{""backend_execution"": {""kerchunk"": {""added_missing_bounds"": true, ""added_missing_bounds_axes"": [""X"", ""Y""], ""backend"": ""kerchunk"", ""dropped_non_dim_coords"": [], ""output_var_dims"": [""time"", ""plev""], ""output_var_dtype"": ""float64"", ""output_var_shape"": [240, 19], ""x_axis_name"": ""lon"", ""y_axis_name"": ""lat""}, ""netcdf"": {""added_missing_bounds"": true, ""added_missing_bounds_axes"": [""X"", ""Y""], ""backend"": ""netcdf"", ""dropped_non_dim_coords"": [], ""output_var_dims"": [""time"", ""plev""], ""output_var_dtype"": ""float64"", ""output_var_shape"": [240, 19], ""x_axis_name"": ""lon"", ""y_axis_name"": ""lat""}}, ""data"": {""left_dims"": [""time"", ""plev""], ""left_dtype"": ""float64"", ""left_shape"": [240, 19], ""max_abs_diff"": 0.0, ""max_rel_diff"": 0.0, ""mismatch_mask"": null, ""nan_mismatch_count"": 0, ""right_dims"": [""time"", ""plev""], ""right_dtype"": ""float64"", ""right_shape"": [240, 19]}, ""kerchunk_file_exists"": true, ""missing_netcdf_files"": [], ""netcdf_file_count_resolved"": 25, ""operation"": ""spatial"", ""operation_config"": {""axis"": [""X"", ""Y""], ""weights"": ""generate""}, ""output_axes"": {""axis_mismatch_reasons"": [], ""axis_resolution_errors"": {}, ""ignored_symmetric_axis_resolution_errors"": {}}, ""source_axes"": {""axis_mismatch_reasons"": [], ""axis_resolution_errors"": {}, ""ignored_symmetric_axis_resolution_errors"": {}}, ""structure"": {""coord_value_mismatches"": {}, ""extra_coord_names_in_kerchunk"": [], ""kerchunk_coord_names"": [""plev"", ""time""], ""kerchunk_dims"": [""time"", ""plev""], ""kerchunk_dtype"": ""float64"", ""kerchunk_shape"": [240, 19], ""missing_coord_names_in_kerchunk"": [], ""netcdf_coord_names"": [""plev"", ""time""], ""netcdf_dims"": [""time"", ""plev""], ""netcdf_dtype"": ""float64"", ""netcdf_shape"": [240, 19]}}"
CMIP6.CMIP.MIROC.MIROC6.abrupt-4xCO2.r1i1p1f1.Amon.ta.gn.v20190705::temporal,CMIP6.CMIP.MIROC.MIROC6.abrupt-4xCO2.r1i1p1f1.Amon.ta.gn.v20190705,/global/cfs/projectdirs/m4931/gsharing/css03_data/CMIP6/CMIP/MIROC/MIROC6/abrupt-4xCO2/r1i1p1f1/Amon/ta/gn/v20190705,/global/cfs/projectdirs/m4931/kerchunk/ta/abrupt-4xCO2/mon/CMIP6.CMIP.MIROC.MIROC6.abrupt-4xCO2.r1i1p1f1.Amon.ta.gn.v20190705.kerchunk.json,Amon,ta,25,25-49,4,temporal,"{""freq"": ""year""}",ok,,,,True,True,True,True,True,1e-06,1e-08,0.0,0.0,0.0,0.0,0.0,time,time,lat,lat,lon,lon,plev,plev,True,[],,"{""backend_execution"": {""kerchunk"": {""added_missing_bounds"": false, ""backend"": ""kerchunk"", ""dropped_non_dim_coords"": [], ""output_var_dims"": [""time"", ""plev"", ""lat"", ""lon""], ""output_var_dtype"": ""float64"", ""output_var_shape"": [20, 19, 128, 256], ""time_axis_name"": ""time""}, ""netcdf"": {""added_missing_bounds"": false, ""backend"": ""netcdf"", ""dropped_non_dim_coords"": [], ""output_var_dims"": [""time"", ""plev"", ""lat"", ""lon""], ""output_var_dtype"": ""float64"", ""output_var_shape"": [20, 19, 128, 256], ""time_axis_name"": ""time""}}, ""data"": {""left_dims"": [""time"", ""plev"", ""lat"", ""lon""], ""left_dtype"": ""float64"", ""left_shape"": [20, 19, 128, 256], ""max_abs_diff"": 0.0, ""max_rel_diff"": 0.0, ""mismatch_mask"": null, ""nan_mismatch_count"": 0, ""right_dims"": [""time"", ""plev"", ""lat"", ""lon""], ""right_dtype"": ""float64"", ""right_shape"": [20, 19, 128, 256]}, ""kerchunk_file_exists"": true, ""missing_netcdf_files"": [], ""netcdf_file_count_resolved"": 25, ""operation"": ""temporal"", ""operation_config"": {""freq"": ""year""}, ""output_axes"": {""axis_mismatch_reasons"": [], ""axis_resolution_errors"": {}, ""ignored_symmetric_axis_resolution_errors"": {}}, ""source_axes"": {""axis_mismatch_reasons"": [], ""axis_resolution_errors"": {}, ""ignored_symmetric_axis_resolution_errors"": {}}, ""structure"": {""coord_value_mismatches"": {}, ""extra_coord_names_in_kerchunk"": [], ""kerchunk_coord_names"": [""lat"", ""lon"", ""plev"", ""time""], ""kerchunk_dims"": [""time"", ""plev"", ""lat"", ""lon""], ""kerchunk_dtype"": ""float64"", ""kerchunk_shape"": [20, 19, 128, 256], ""missing_coord_names_in_kerchunk"": [], ""netcdf_coord_names"": [""lat"", ""lon"", ""plev"", ""time""], ""netcdf_dims"": [""time"", ""plev"", ""lat"", ""lon""], ""netcdf_dtype"": ""float64"", ""netcdf_shape"": [20, 19, 128, 256]}}"
CMIP6.CMIP.MIROC.MIROC6.abrupt-4xCO2.r1i1p1f1.Amon.ta.gn.v20190705::vertical,CMIP6.CMIP.MIROC.MIROC6.abrupt-4xCO2.r1i1p1f1.Amon.ta.gn.v20190705,/global/cfs/projectdirs/m4931/gsharing/css03_data/CMIP6/CMIP/MIROC/MIROC6/abrupt-4xCO2/r1i1p1f1/Amon/ta/gn/v20190705,/global/cfs/projectdirs/m4931/kerchunk/ta/abrupt-4xCO2/mon/CMIP6.CMIP.MIROC.MIROC6.abrupt-4xCO2.r1i1p1f1.Amon.ta.gn.v20190705.kerchunk.json,Amon,ta,25,25-49,4,vertical,"{""method"": ""log"", ""target_plevs_pa"": [100000, 92500, 85000, 75000, 70000, 60000, 50000, 40000, 30000, 25000, 20000, 15000, 10000, 7000, 5000, 3000, 1000, 500, 300, 100], ""tool"": ""xgcm""}",ok,,,,True,True,True,True,True,1e-06,1e-08,0.0,0.0,0.0,0.0,0.0,time,time,lat,lat,lon,lon,lev,lev,True,[],,"{""backend_execution"": {""kerchunk"": {""added_missing_bounds"": true, ""added_missing_bounds_axes"": [""Z""], ""backend"": ""kerchunk"", ""output_var_dims"": [""time"", ""lev"", ""lat"", ""lon""], ""output_var_dtype"": ""float64"", ""output_var_shape"": [240, 20, 128, 256], ""vertical_kwargs"": {""tool"": ""xgcm""}, ""z_axis_name"": ""plev""}, ""netcdf"": {""added_missing_bounds"": true, ""added_missing_bounds_axes"": [""Z""], ""backend"": ""netcdf"", ""output_var_dims"": [""time"", ""lev"", ""lat"", ""lon""], ""output_var_dtype"": ""float64"", ""output_var_shape"": [240, 20, 128, 256], ""vertical_kwargs"": {""tool"": ""xgcm""}, ""z_axis_name"": ""plev""}}, ""data"": {""left_dims"": [""time"", ""lev"", ""lat"", ""lon""], ""left_dtype"": ""float64"", ""left_shape"": [240, 20, 128, 256], ""max_abs_diff"": 0.0, ""max_rel_diff"": 0.0, ""mismatch_mask"": null, ""nan_mismatch_count"": 0, ""right_dims"": [""time"", ""lev"", ""lat"", ""lon""], ""right_dtype"": ""float64"", ""right_shape"": [240, 20, 128, 256]}, ""kerchunk_file_exists"": true, ""missing_netcdf_files"": [], ""netcdf_file_count_resolved"": 25, ""operation"": ""vertical"", ""operation_config"": {""method"": ""log"", ""target_plevs_pa"": [100000, 92500, 85000, 75000, 70000, 60000, 50000, 40000, 30000, 25000, 20000, 15000, 10000, 7000, 5000, 3000, 1000, 500, 300, 100], ""tool"": ""xgcm""}, ""output_axes"": {""axis_mismatch_reasons"": [], ""axis_resolution_errors"": {}, ""ignored_symmetric_axis_resolution_errors"": {}}, ""source_axes"": {""axis_mismatch_reasons"": [], ""axis_resolution_errors"": {}, ""ignored_symmetric_axis_resolution_errors"": {}}, ""structure"": {""coord_value_mismatches"": {}, ""extra_coord_names_in_kerchunk"": [], ""kerchunk_coord_names"": [""lat"", ""lev"", ""lon"", ""time""], ""kerchunk_dims"": [""time"", ""lev"", ""lat"", ""lon""], ""kerchunk_dtype"": ""float64"", ""kerchunk_shape"": [240, 20, 128, 256], ""missing_coord_names_in_kerchunk"": [], ""netcdf_coord_names"": [""lat"", ""lev"", ""lon"", ""time""], ""netcdf_dims"": [""time"", ""lev"", ""lat"", ""lon""], ""netcdf_dtype"": ""float64"", ""netcdf_shape"": [240, 20, 128, 256]}}"
CMIP6.CMIP.MOHC.HadGEM3-GC31-MM.piControl.r1i1p1f1.Amon.huss.gn.kerchunk.json::horizontal,CMIP6.CMIP.MOHC.HadGEM3-GC31-MM.piControl.r1i1p1f1.Amon.huss.gn.kerchunk.json,/global/cfs/projectdirs/m4931/gsharing/css03_data/CMIP6/CMIP/MOHC/HadGEM3-GC31-MM/piControl/r1i1p1f1/Amon/huss/gn/v20190920,/global/cfs/projectdirs/m4931/kerchunk/huss/piControl/mon/CMIP6.CMIP.MOHC.HadGEM3-GC31-MM.piControl.r1i1p1f1.Amon.huss.gn.kerchunk.json,Amon,huss,25,25-49,1,horizontal,"{""method"": ""bilinear"", ""target_grid"": {""lat_name"": ""lat"", ""lat_start"": -88, ""lat_step"": 4, ""lat_stop"": 88, ""lon_name"": ""lon"", ""lon_start"": 2, ""lon_step"": 4, ""lon_stop"": 358}, ""tool"": ""xesmf""}",ok,,,,True,True,True,True,True,1e-06,1e-08,0.0,0.0,0.0,0.0,0.0,time,time,lat,lat,lon,lon,,,True,[],,"{""backend_execution"": {""kerchunk"": {""added_missing_bounds"": true, ""added_missing_bounds_axes"": [""X"", ""Y""], ""backend"": ""kerchunk"", ""dropped_non_dim_coords"": [""height""], ""output_var_dims"": [""time"", ""lat"", ""lon""], ""output_var_dtype"": ""float32"", ""output_var_shape"": [240, 45, 90], ""x_axis_name"": ""lon"", ""y_axis_name"": ""lat""}, ""netcdf"": {""added_missing_bounds"": true, ""added_missing_bounds_axes"": [""X"", ""Y""], ""backend"": ""netcdf"", ""dropped_non_dim_coords"": [""height""], ""output_var_dims"": [""time"", ""lat"", ""lon""], ""output_var_dtype"": ""float32"", ""output_var_shape"": [240, 45, 90], ""x_axis_name"": ""lon"", ""y_axis_name"": ""lat""}}, ""data"": {""left_dims"": [""time"", ""lat"", ""lon""], ""left_dtype"": ""float32"", ""left_shape"": [240, 45, 90], ""max_abs_diff"": 0.0, ""max_rel_diff"": 0.0, ""mismatch_mask"": null, ""nan_mismatch_count"": 0, ""right_dims"": [""time"", ""lat"", ""lon""], ""right_dtype"": ""float32"", ""right_shape"": [240, 45, 90]}, ""kerchunk_file_exists"": true, ""missing_netcdf_files"": [], ""netcdf_file_count_resolved"": 25, ""operation"": ""horizontal"", ""operation_config"": {""method"": ""bilinear"", ""target_grid"": {""lat_name"": ""lat"", ""lat_start"": -88, ""lat_step"": 4, ""lat_stop"": 88, ""lon_name"": ""lon"", ""lon_start"": 2, ""lon_step"": 4, ""lon_stop"": 358}, ""tool"": ""xesmf""}, ""output_axes"": {""axis_mismatch_reasons"": [], ""axis_resolution_errors"": {}, ""ignored_symmetric_axis_resolution_errors"": {""Z"": {""kerchunk"": ""KeyError: \""No 'Z' axis dimension coordinate variables were found in the xarray object. Make sure dimension coordinate variables exist, they are one dimensional, and their CF 'axis' or 'standard_name' attrs are correctly set.\"""", ""netcdf"": ""KeyError: \""No 'Z' axis dimension coordinate variables were found in the xarray object. Make sure dimension coordinate variables exist, they are one dimensional, and their CF 'axis' or 'standard_name' attrs are correctly set.\""""}}}, ""source_axes"": {""axis_mismatch_reasons"": [], ""axis_resolution_errors"": {}, ""ignored_symmetric_axis_resolution_errors"": {""Z"": {""kerchunk"": ""KeyError: \""No 'Z' axis dimension coordinate variables were found in the xarray object. Make sure dimension coordinate variables exist, they are one dimensional, and their CF 'axis' or 'standard_name' attrs are correctly set.\"""", ""netcdf"": ""KeyError: \""No 'Z' axis dimension coordinate variables were found in the xarray object. Make sure dimension coordinate variables exist, they are one dimensional, and their CF 'axis' or 'standard_name' attrs are correctly set.\""""}}}, ""structure"": {""coord_value_mismatches"": {}, ""extra_coord_names_in_kerchunk"": [], ""kerchunk_coord_names"": [""lat"", ""lon"", ""time""], ""kerchunk_dims"": [""time"", ""lat"", ""lon""], ""kerchunk_dtype"": ""float32"", ""kerchunk_shape"": [240, 45, 90], ""missing_coord_names_in_kerchunk"": [], ""netcdf_coord_names"": [""lat"", ""lon"", ""time""], ""netcdf_dims"": [""time"", ""lat"", ""lon""], ""netcdf_dtype"": ""float32"", ""netcdf_shape"": [240, 45, 90]}}"
CMIP6.CMIP.MOHC.HadGEM3-GC31-MM.piControl.r1i1p1f1.Amon.huss.gn.kerchunk.json::spatial,CMIP6.CMIP.MOHC.HadGEM3-GC31-MM.piControl.r1i1p1f1.Amon.huss.gn.kerchunk.json,/global/cfs/projectdirs/m4931/gsharing/css03_data/CMIP6/CMIP/MOHC/HadGEM3-GC31-MM/piControl/r1i1p1f1/Amon/huss/gn/v20190920,/global/cfs/projectdirs/m4931/kerchunk/huss/piControl/mon/CMIP6.CMIP.MOHC.HadGEM3-GC31-MM.piControl.r1i1p1f1.Amon.huss.gn.kerchunk.json,Amon,huss,25,25-49,1,spatial,"{""axis"": [""X"", ""Y""], ""weights"": ""generate""}",ok,,,,True,True,True,True,True,1e-06,1e-08,0.0,0.0,0.0,0.0,0.0,time,time,lat,lat,lon,lon,,,True,[],,"{""backend_execution"": {""kerchunk"": {""added_missing_bounds"": true, ""added_missing_bounds_axes"": [""X"", ""Y""], ""backend"": ""kerchunk"", ""dropped_non_dim_coords"": [""height""], ""output_var_dims"": [""time""], ""output_var_dtype"": ""float64"", ""output_var_shape"": [240], ""x_axis_name"": ""lon"", ""y_axis_name"": ""lat""}, ""netcdf"": {""added_missing_bounds"": true, ""added_missing_bounds_axes"": [""X"", ""Y""], ""backend"": ""netcdf"", ""dropped_non_dim_coords"": [""height""], ""output_var_dims"": [""time""], ""output_var_dtype"": ""float64"", ""output_var_shape"": [240], ""x_axis_name"": ""lon"", ""y_axis_name"": ""lat""}}, ""data"": {""left_dims"": [""time""], ""left_dtype"": ""float64"", ""left_shape"": [240], ""max_abs_diff"": 0.0, ""max_rel_diff"": 0.0, ""mismatch_mask"": null, ""nan_mismatch_count"": 0, ""right_dims"": [""time""], ""right_dtype"": ""float64"", ""right_shape"": [240]}, ""kerchunk_file_exists"": true, ""missing_netcdf_files"": [], ""netcdf_file_count_resolved"": 25, ""operation"": ""spatial"", ""operation_config"": {""axis"": [""X"", ""Y""], ""weights"": ""generate""}, ""output_axes"": {""axis_mismatch_reasons"": [], ""axis_resolution_errors"": {}, ""ignored_symmetric_axis_resolution_errors"": {""Z"": {""kerchunk"": ""KeyError: \""No 'Z' axis dimension coordinate variables were found in the xarray object. Make sure dimension coordinate variables exist, they are one dimensional, and their CF 'axis' or 'standard_name' attrs are correctly set.\"""", ""netcdf"": ""KeyError: \""No 'Z' axis dimension coordinate variables were found in the xarray object. Make sure dimension coordinate variables exist, they are one dimensional, and their CF 'axis' or 'standard_name' attrs are correctly set.\""""}}}, ""source_axes"": {""axis_mismatch_reasons"": [], ""axis_resolution_errors"": {}, ""ignored_symmetric_axis_resolution_errors"": {""Z"": {""kerchunk"": ""KeyError: \""No 'Z' axis dimension coordinate variables were found in the xarray object. Make sure dimension coordinate variables exist, they are one dimensional, and their CF 'axis' or 'standard_name' attrs are correctly set.\"""", ""netcdf"": ""KeyError: \""No 'Z' axis dimension coordinate variables were found in the xarray object. Make sure dimension coordinate variables exist, they are one dimensional, and their CF 'axis' or 'standard_name' attrs are correctly set.\""""}}}, ""structure"": {""coord_value_mismatches"": {}, ""extra_coord_names_in_kerchunk"": [], ""kerchunk_coord_names"": [""time""], ""kerchunk_dims"": [""time""], ""kerchunk_dtype"": ""float64"", ""kerchunk_shape"": [240], ""missing_coord_names_in_kerchunk"": [], ""netcdf_coord_names"": [""time""], ""netcdf_dims"": [""time""], ""netcdf_dtype"": ""float64"", ""netcdf_shape"": [240]}}"
CMIP6.CMIP.MOHC.HadGEM3-GC31-MM.piControl.r1i1p1f1.Amon.huss.gn.kerchunk.json::temporal,CMIP6.CMIP.MOHC.HadGEM3-GC31-MM.piControl.r1i1p1f1.Amon.huss.gn.kerchunk.json,/global/cfs/projectdirs/m4931/gsharing/css03_data/CMIP6/CMIP/MOHC/HadGEM3-GC31-MM/piControl/r1i1p1f1/Amon/huss/gn/v20190920,/global/cfs/projectdirs/m4931/kerchunk/huss/piControl/mon/CMIP6.CMIP.MOHC.HadGEM3-GC31-MM.piControl.r1i1p1f1.Amon.huss.gn.kerchunk.json,Amon,huss,25,25-49,1,temporal,"{""freq"": ""year""}",ok,,,,True,True,True,True,True,1e-06,1e-08,0.0,0.0,0.0,0.0,0.0,time,time,lat,lat,lon,lon,,,True,[],,"{""backend_execution"": {""kerchunk"": {""added_missing_bounds"": false, ""backend"": ""kerchunk"", ""dropped_non_dim_coords"": [""height""], ""output_var_dims"": [""time"", ""lat"", ""lon""], ""output_var_dtype"": ""float64"", ""output_var_shape"": [20, 324, 432], ""time_axis_name"": ""time""}, ""netcdf"": {""added_missing_bounds"": false, ""backend"": ""netcdf"", ""dropped_non_dim_coords"": [""height""], ""output_var_dims"": [""time"", ""lat"", ""lon""], ""output_var_dtype"": ""float64"", ""output_var_shape"": [20, 324, 432], ""time_axis_name"": ""time""}}, ""data"": {""left_dims"": [""time"", ""lat"", ""lon""], ""left_dtype"": ""float64"", ""left_shape"": [20, 324, 432], ""max_abs_diff"": 0.0, ""max_rel_diff"": 0.0, ""mismatch_mask"": null, ""nan_mismatch_count"": 0, ""right_dims"": [""time"", ""lat"", ""lon""], ""right_dtype"": ""float64"", ""right_shape"": [20, 324, 432]}, ""kerchunk_file_exists"": true, ""missing_netcdf_files"": [], ""netcdf_file_count_resolved"": 25, ""operation"": ""temporal"", ""operation_config"": {""freq"": ""year""}, ""output_axes"": {""axis_mismatch_reasons"": [], ""axis_resolution_errors"": {}, ""ignored_symmetric_axis_resolution_errors"": {""Z"": {""kerchunk"": ""KeyError: \""No 'Z' axis dimension coordinate variables were found in the xarray object. Make sure dimension coordinate variables exist, they are one dimensional, and their CF 'axis' or 'standard_name' attrs are correctly set.\"""", ""netcdf"": ""KeyError: \""No 'Z' axis dimension coordinate variables were found in the xarray object. Make sure dimension coordinate variables exist, they are one dimensional, and their CF 'axis' or 'standard_name' attrs are correctly set.\""""}}}, ""source_axes"": {""axis_mismatch_reasons"": [], ""axis_resolution_errors"": {}, ""ignored_symmetric_axis_resolution_errors"": {""Z"": {""kerchunk"": ""KeyError: \""No 'Z' axis dimension coordinate variables were found in the xarray object. Make sure dimension coordinate variables exist, they are one dimensional, and their CF 'axis' or 'standard_name' attrs are correctly set.\"""", ""netcdf"": ""KeyError: \""No 'Z' axis dimension coordinate variables were found in the xarray object. Make sure dimension coordinate variables exist, they are one dimensional, and their CF 'axis' or 'standard_name' attrs are correctly set.\""""}}}, ""structure"": {""coord_value_mismatches"": {}, ""extra_coord_names_in_kerchunk"": [], ""kerchunk_coord_names"": [""lat"", ""lon"", ""time""], ""kerchunk_dims"": [""time"", ""lat"", ""lon""], ""kerchunk_dtype"": ""float64"", ""kerchunk_shape"": [20, 324, 432], ""missing_coord_names_in_kerchunk"": [], ""netcdf_coord_names"": [""lat"", ""lon"", ""time""], ""netcdf_dims"": [""time"", ""lat"", ""lon""], ""netcdf_dtype"": ""float64"", ""netcdf_shape"": [20, 324, 432]}}"
CMIP6.CMIP.MOHC.HadGEM3-GC31-MM.piControl.r1i1p1f1.Amon.huss.gn.kerchunk.json::vertical,CMIP6.CMIP.MOHC.HadGEM3-GC31-MM.piControl.r1i1p1f1.Amon.huss.gn.kerchunk.json,/global/cfs/projectdirs/m4931/gsharing/css03_data/CMIP6/CMIP/MOHC/HadGEM3-GC31-MM/piControl/r1i1p1f1/Amon/huss/gn/v20190920,/global/cfs/projectdirs/m4931/kerchunk/huss/piControl/mon/CMIP6.CMIP.MOHC.HadGEM3-GC31-MM.piControl.r1i1p1f1.Amon.huss.gn.kerchunk.json,Amon,huss,25,25-49,1,vertical,"{""method"": ""log"", ""target_plevs_pa"": [100000, 92500, 85000, 75000, 70000, 60000, 50000, 40000, 30000, 25000, 20000, 15000, 10000, 7000, 5000, 3000, 1000, 500, 300, 100], ""tool"": ""xgcm""}",skipped,missing_vertical_axis,,,,,,,,1e-06,1e-08,,,,,,,,,,,,,,False,"[""operation_not_applicable""]",operation_not_applicable,"{""backend_execution"": {""kerchunk"": {""backend"": ""kerchunk"", ""reason"": ""missing_vertical_axis"", ""z_axis_name"": null}, ""netcdf"": {""backend"": ""netcdf"", ""reason"": ""missing_vertical_axis"", ""z_axis_name"": null}}, ""kerchunk_file_exists"": true, ""missing_netcdf_files"": [], ""netcdf_file_count_resolved"": 25, ""operation"": ""vertical"", ""operation_config"": {""method"": ""log"", ""target_plevs_pa"": [100000, 92500, 85000, 75000, 70000, 60000, 50000, 40000, 30000, 25000, 20000, 15000, 10000, 7000, 5000, 3000, 1000, 500, 300, 100], ""tool"": ""xgcm""}, ""pair_resolution"": {""error_message"": null, ""error_type"": null, ""skip_reason"": ""missing_vertical_axis"", ""status"": ""skipped""}, ""source_axes"": {""axis_mismatch_reasons"": [], ""axis_resolution_errors"": {}, ""ignored_symmetric_axis_resolution_errors"": {""Z"": {""kerchunk"": ""KeyError: \""No 'Z' axis dimension coordinate variables were found in the xarray object. Make sure dimension coordinate variables exist, they are one dimensional, and their CF 'axis' or 'standard_name' attrs are correctly set.\"""", ""netcdf"": ""KeyError: \""No 'Z' axis dimension coordinate variables were found in the xarray object. Make sure dimension coordinate variables exist, they are one dimensional, and their CF 'axis' or 'standard_name' attrs are correctly set.\""""}}}}"
CMIP6.CMIP.MOHC.HadGEM3-GC31-MM.piControl.r1i1p1f1.Amon.pr.gn.v20190920::horizontal,CMIP6.CMIP.MOHC.HadGEM3-GC31-MM.piControl.r1i1p1f1.Amon.pr.gn.v20190920,/global/cfs/projectdirs/m4931/gsharing/css03_data/CMIP6/CMIP/MOHC/HadGEM3-GC31-MM/piControl/r1i1p1f1/Amon/pr/gn/v20190920,/global/cfs/projectdirs/m4931/kerchunk/pr/piControl/mon/CMIP6.CMIP.MOHC.HadGEM3-GC31-MM.piControl.r1i1p1f1.Amon.pr.gn.v20190920.kerchunk.json,Amon,pr,25,25-49,3,horizontal,"{""method"": ""bilinear"", ""target_grid"": {""lat_name"": ""lat"", ""lat_start"": -88, ""lat_step"": 4, ""lat_stop"": 88, ""lon_name"": ""lon"", ""lon_start"": 2, ""lon_step"": 4, ""lon_stop"": 358}, ""tool"": ""xesmf""}",ok,,,,True,True,True,True,True,1e-06,1e-08,0.0,0.0,0.0,0.0,0.0,time,time,lat,lat,lon,lon,,,True,[],,"{""backend_execution"": {""kerchunk"": {""added_missing_bounds"": true, ""added_missing_bounds_axes"": [""X"", ""Y""], ""backend"": ""kerchunk"", ""dropped_non_dim_coords"": [], ""output_var_dims"": [""time"", ""lat"", ""lon""], ""output_var_dtype"": ""float32"", ""output_var_shape"": [240, 45, 90], ""x_axis_name"": ""lon"", ""y_axis_name"": ""lat""}, ""netcdf"": {""added_missing_bounds"": true, ""added_missing_bounds_axes"": [""X"", ""Y""], ""backend"": ""netcdf"", ""dropped_non_dim_coords"": [], ""output_var_dims"": [""time"", ""lat"", ""lon""], ""output_var_dtype"": ""float32"", ""output_var_shape"": [240, 45, 90], ""x_axis_name"": ""lon"", ""y_axis_name"": ""lat""}}, ""data"": {""left_dims"": [""time"", ""lat"", ""lon""], ""left_dtype"": ""float32"", ""left_shape"": [240, 45, 90], ""max_abs_diff"": 0.0, ""max_rel_diff"": 0.0, ""mismatch_mask"": null, ""nan_mismatch_count"": 0, ""right_dims"": [""time"", ""lat"", ""lon""], ""right_dtype"": ""float32"", ""right_shape"": [240, 45, 90]}, ""kerchunk_file_exists"": true, ""missing_netcdf_files"": [], ""netcdf_file_count_resolved"": 25, ""operation"": ""horizontal"", ""operation_config"": {""method"": ""bilinear"", ""target_grid"": {""lat_name"": ""lat"", ""lat_start"": -88, ""lat_step"": 4, ""lat_stop"": 88, ""lon_name"": ""lon"", ""lon_start"": 2, ""lon_step"": 4, ""lon_stop"": 358}, ""tool"": ""xesmf""}, ""output_axes"": {""axis_mismatch_reasons"": [], ""axis_resolution_errors"": {}, ""ignored_symmetric_axis_resolution_errors"": {""Z"": {""kerchunk"": ""KeyError: \""No 'Z' axis dimension coordinate variables were found in the xarray object. Make sure dimension coordinate variables exist, they are one dimensional, and their CF 'axis' or 'standard_name' attrs are correctly set.\"""", ""netcdf"": ""KeyError: \""No 'Z' axis dimension coordinate variables were found in the xarray object. Make sure dimension coordinate variables exist, they are one dimensional, and their CF 'axis' or 'standard_name' attrs are correctly set.\""""}}}, ""source_axes"": {""axis_mismatch_reasons"": [], ""axis_resolution_errors"": {}, ""ignored_symmetric_axis_resolution_errors"": {""Z"": {""kerchunk"": ""KeyError: \""No 'Z' axis dimension coordinate variables were found in the xarray object. Make sure dimension coordinate variables exist, they are one dimensional, and their CF 'axis' or 'standard_name' attrs are correctly set.\"""", ""netcdf"": ""KeyError: \""No 'Z' axis dimension coordinate variables were found in the xarray object. Make sure dimension coordinate variables exist, they are one dimensional, and their CF 'axis' or 'standard_name' attrs are correctly set.\""""}}}, ""structure"": {""coord_value_mismatches"": {}, ""extra_coord_names_in_kerchunk"": [], ""kerchunk_coord_names"": [""lat"", ""lon"", ""time""], ""kerchunk_dims"": [""time"", ""lat"", ""lon""], ""kerchunk_dtype"": ""float32"", ""kerchunk_shape"": [240, 45, 90], ""missing_coord_names_in_kerchunk"": [], ""netcdf_coord_names"": [""lat"", ""lon"", ""time""], ""netcdf_dims"": [""time"", ""lat"", ""lon""], ""netcdf_dtype"": ""float32"", ""netcdf_shape"": [240, 45, 90]}}"
CMIP6.CMIP.MOHC.HadGEM3-GC31-MM.piControl.r1i1p1f1.Amon.pr.gn.v20190920::spatial,CMIP6.CMIP.MOHC.HadGEM3-GC31-MM.piControl.r1i1p1f1.Amon.pr.gn.v20190920,/global/cfs/projectdirs/m4931/gsharing/css03_data/CMIP6/CMIP/MOHC/HadGEM3-GC31-MM/piControl/r1i1p1f1/Amon/pr/gn/v20190920,/global/cfs/projectdirs/m4931/kerchunk/pr/piControl/mon/CMIP6.CMIP.MOHC.HadGEM3-GC31-MM.piControl.r1i1p1f1.Amon.pr.gn.v20190920.kerchunk.json,Amon,pr,25,25-49,3,spatial,"{""axis"": [""X"", ""Y""], ""weights"": ""generate""}",ok,,,,True,True,True,True,True,1e-06,1e-08,0.0,0.0,0.0,0.0,0.0,time,time,lat,lat,lon,lon,,,True,[],,"{""backend_execution"": {""kerchunk"": {""added_missing_bounds"": true, ""added_missing_bounds_axes"": [""X"", ""Y""], ""backend"": ""kerchunk"", ""dropped_non_dim_coords"": [], ""output_var_dims"": [""time""], ""output_var_dtype"": ""float64"", ""output_var_shape"": [240], ""x_axis_name"": ""lon"", ""y_axis_name"": ""lat""}, ""netcdf"": {""added_missing_bounds"": true, ""added_missing_bounds_axes"": [""X"", ""Y""], ""backend"": ""netcdf"", ""dropped_non_dim_coords"": [], ""output_var_dims"": [""time""], ""output_var_dtype"": ""float64"", ""output_var_shape"": [240], ""x_axis_name"": ""lon"", ""y_axis_name"": ""lat""}}, ""data"": {""left_dims"": [""time""], ""left_dtype"": ""float64"", ""left_shape"": [240], ""max_abs_diff"": 0.0, ""max_rel_diff"": 0.0, ""mismatch_mask"": null, ""nan_mismatch_count"": 0, ""right_dims"": [""time""], ""right_dtype"": ""float64"", ""right_shape"": [240]}, ""kerchunk_file_exists"": true, ""missing_netcdf_files"": [], ""netcdf_file_count_resolved"": 25, ""operation"": ""spatial"", ""operation_config"": {""axis"": [""X"", ""Y""], ""weights"": ""generate""}, ""output_axes"": {""axis_mismatch_reasons"": [], ""axis_resolution_errors"": {}, ""ignored_symmetric_axis_resolution_errors"": {""Z"": {""kerchunk"": ""KeyError: \""No 'Z' axis dimension coordinate variables were found in the xarray object. Make sure dimension coordinate variables exist, they are one dimensional, and their CF 'axis' or 'standard_name' attrs are correctly set.\"""", ""netcdf"": ""KeyError: \""No 'Z' axis dimension coordinate variables were found in the xarray object. Make sure dimension coordinate variables exist, they are one dimensional, and their CF 'axis' or 'standard_name' attrs are correctly set.\""""}}}, ""source_axes"": {""axis_mismatch_reasons"": [], ""axis_resolution_errors"": {}, ""ignored_symmetric_axis_resolution_errors"": {""Z"": {""kerchunk"": ""KeyError: \""No 'Z' axis dimension coordinate variables were found in the xarray object. Make sure dimension coordinate variables exist, they are one dimensional, and their CF 'axis' or 'standard_name' attrs are correctly set.\"""", ""netcdf"": ""KeyError: \""No 'Z' axis dimension coordinate variables were found in the xarray object. Make sure dimension coordinate variables exist, they are one dimensional, and their CF 'axis' or 'standard_name' attrs are correctly set.\""""}}}, ""structure"": {""coord_value_mismatches"": {}, ""extra_coord_names_in_kerchunk"": [], ""kerchunk_coord_names"": [""time""], ""kerchunk_dims"": [""time""], ""kerchunk_dtype"": ""float64"", ""kerchunk_shape"": [240], ""missing_coord_names_in_kerchunk"": [], ""netcdf_coord_names"": [""time""], ""netcdf_dims"": [""time""], ""netcdf_dtype"": ""float64"", ""netcdf_shape"": [240]}}"
CMIP6.CMIP.MOHC.HadGEM3-GC31-MM.piControl.r1i1p1f1.Amon.pr.gn.v20190920::temporal,CMIP6.CMIP.MOHC.HadGEM3-GC31-MM.piControl.r1i1p1f1.Amon.pr.gn.v20190920,/global/cfs/projectdirs/m4931/gsharing/css03_data/CMIP6/CMIP/MOHC/HadGEM3-GC31-MM/piControl/r1i1p1f1/Amon/pr/gn/v20190920,/global/cfs/projectdirs/m4931/kerchunk/pr/piControl/mon/CMIP6.CMIP.MOHC.HadGEM3-GC31-MM.piControl.r1i1p1f1.Amon.pr.gn.v20190920.kerchunk.json,Amon,pr,25,25-49,3,temporal,"{""freq"": ""year""}",ok,,,,True,True,True,True,True,1e-06,1e-08,0.0,0.0,0.0,0.0,0.0,time,time,lat,lat,lon,lon,,,True,[],,"{""backend_execution"": {""kerchunk"": {""added_missing_bounds"": false, ""backend"": ""kerchunk"", ""dropped_non_dim_coords"": [], ""output_var_dims"": [""time"", ""lat"", ""lon""], ""output_var_dtype"": ""float64"", ""output_var_shape"": [20, 324, 432], ""time_axis_name"": ""time""}, ""netcdf"": {""added_missing_bounds"": false, ""backend"": ""netcdf"", ""dropped_non_dim_coords"": [], ""output_var_dims"": [""time"", ""lat"", ""lon""], ""output_var_dtype"": ""float64"", ""output_var_shape"": [20, 324, 432], ""time_axis_name"": ""time""}}, ""data"": {""left_dims"": [""time"", ""lat"", ""lon""], ""left_dtype"": ""float64"", ""left_shape"": [20, 324, 432], ""max_abs_diff"": 0.0, ""max_rel_diff"": 0.0, ""mismatch_mask"": null, ""nan_mismatch_count"": 0, ""right_dims"": [""time"", ""lat"", ""lon""], ""right_dtype"": ""float64"", ""right_shape"": [20, 324, 432]}, ""kerchunk_file_exists"": true, ""missing_netcdf_files"": [], ""netcdf_file_count_resolved"": 25, ""operation"": ""temporal"", ""operation_config"": {""freq"": ""year""}, ""output_axes"": {""axis_mismatch_reasons"": [], ""axis_resolution_errors"": {}, ""ignored_symmetric_axis_resolution_errors"": {""Z"": {""kerchunk"": ""KeyError: \""No 'Z' axis dimension coordinate variables were found in the xarray object. Make sure dimension coordinate variables exist, they are one dimensional, and their CF 'axis' or 'standard_name' attrs are correctly set.\"""", ""netcdf"": ""KeyError: \""No 'Z' axis dimension coordinate variables were found in the xarray object. Make sure dimension coordinate variables exist, they are one dimensional, and their CF 'axis' or 'standard_name' attrs are correctly set.\""""}}}, ""source_axes"": {""axis_mismatch_reasons"": [], ""axis_resolution_errors"": {}, ""ignored_symmetric_axis_resolution_errors"": {""Z"": {""kerchunk"": ""KeyError: \""No 'Z' axis dimension coordinate variables were found in the xarray object. Make sure dimension coordinate variables exist, they are one dimensional, and their CF 'axis' or 'standard_name' attrs are correctly set.\"""", ""netcdf"": ""KeyError: \""No 'Z' axis dimension coordinate variables were found in the xarray object. Make sure dimension coordinate variables exist, they are one dimensional, and their CF 'axis' or 'standard_name' attrs are correctly set.\""""}}}, ""structure"": {""coord_value_mismatches"": {}, ""extra_coord_names_in_kerchunk"": [], ""kerchunk_coord_names"": [""lat"", ""lon"", ""time""], ""kerchunk_dims"": [""time"", ""lat"", ""lon""], ""kerchunk_dtype"": ""float64"", ""kerchunk_shape"": [20, 324, 432], ""missing_coord_names_in_kerchunk"": [], ""netcdf_coord_names"": [""lat"", ""lon"", ""time""], ""netcdf_dims"": [""time"", ""lat"", ""lon""], ""netcdf_dtype"": ""float64"", ""netcdf_shape"": [20, 324, 432]}}"
CMIP6.CMIP.MOHC.HadGEM3-GC31-MM.piControl.r1i1p1f1.Amon.pr.gn.v20190920::vertical,CMIP6.CMIP.MOHC.HadGEM3-GC31-MM.piControl.r1i1p1f1.Amon.pr.gn.v20190920,/global/cfs/projectdirs/m4931/gsharing/css03_data/CMIP6/CMIP/MOHC/HadGEM3-GC31-MM/piControl/r1i1p1f1/Amon/pr/gn/v20190920,/global/cfs/projectdirs/m4931/kerchunk/pr/piControl/mon/CMIP6.CMIP.MOHC.HadGEM3-GC31-MM.piControl.r1i1p1f1.Amon.pr.gn.v20190920.kerchunk.json,Amon,pr,25,25-49,3,vertical,"{""method"": ""log"", ""target_plevs_pa"": [100000, 92500, 85000, 75000, 70000, 60000, 50000, 40000, 30000, 25000, 20000, 15000, 10000, 7000, 5000, 3000, 1000, 500, 300, 100], ""tool"": ""xgcm""}",skipped,missing_vertical_axis,,,,,,,,1e-06,1e-08,,,,,,,,,,,,,,False,"[""operation_not_applicable""]",operation_not_applicable,"{""backend_execution"": {""kerchunk"": {""backend"": ""kerchunk"", ""reason"": ""missing_vertical_axis"", ""z_axis_name"": null}, ""netcdf"": {""backend"": ""netcdf"", ""reason"": ""missing_vertical_axis"", ""z_axis_name"": null}}, ""kerchunk_file_exists"": true, ""missing_netcdf_files"": [], ""netcdf_file_count_resolved"": 25, ""operation"": ""vertical"", ""operation_config"": {""method"": ""log"", ""target_plevs_pa"": [100000, 92500, 85000, 75000, 70000, 60000, 50000, 40000, 30000, 25000, 20000, 15000, 10000, 7000, 5000, 3000, 1000, 500, 300, 100], ""tool"": ""xgcm""}, ""pair_resolution"": {""error_message"": null, ""error_type"": null, ""skip_reason"": ""missing_vertical_axis"", ""status"": ""skipped""}, ""source_axes"": {""axis_mismatch_reasons"": [], ""axis_resolution_errors"": {}, ""ignored_symmetric_axis_resolution_errors"": {""Z"": {""kerchunk"": ""KeyError: \""No 'Z' axis dimension coordinate variables were found in the xarray object. Make sure dimension coordinate variables exist, they are one dimensional, and their CF 'axis' or 'standard_name' attrs are correctly set.\"""", ""netcdf"": ""KeyError: \""No 'Z' axis dimension coordinate variables were found in the xarray object. Make sure dimension coordinate variables exist, they are one dimensional, and their CF 'axis' or 'standard_name' attrs are correctly set.\""""}}}}"
CMIP6.CMIP.MPI-M.MPI-ESM1-2-LR.esm-piControl.r1i1p1f1.Amon.pr.gn.v20190815::horizontal,CMIP6.CMIP.MPI-M.MPI-ESM1-2-LR.esm-piControl.r1i1p1f1.Amon.pr.gn.v20190815,/global/cfs/projectdirs/m4931/gsharing/css03_data/CMIP6/CMIP/MPI-M/MPI-ESM1-2-LR/esm-piControl/r1i1p1f1/Amon/pr/gn/v20190815,/global/cfs/projectdirs/m4931/kerchunk/pr/esm-piControl/mon/CMIP6.CMIP.MPI-M.MPI-ESM1-2-LR.esm-piControl.r1i1p1f1.Amon.pr.gn.v20190815.kerchunk.json,Amon,pr,25,25-49,2,horizontal,"{""method"": ""bilinear"", ""target_grid"": {""lat_name"": ""lat"", ""lat_start"": -88, ""lat_step"": 4, ""lat_stop"": 88, ""lon_name"": ""lon"", ""lon_start"": 2, ""lon_step"": 4, ""lon_stop"": 358}, ""tool"": ""xesmf""}",ok,,,,True,True,True,True,True,1e-06,1e-08,0.0,0.0,0.0,0.0,0.0,time,time,lat,lat,lon,lon,,,True,[],,"{""backend_execution"": {""kerchunk"": {""added_missing_bounds"": true, ""added_missing_bounds_axes"": [""X"", ""Y""], ""backend"": ""kerchunk"", ""dropped_non_dim_coords"": [], ""output_var_dims"": [""time"", ""lat"", ""lon""], ""output_var_dtype"": ""float32"", ""output_var_shape"": [240, 45, 90], ""x_axis_name"": ""lon"", ""y_axis_name"": ""lat""}, ""netcdf"": {""added_missing_bounds"": true, ""added_missing_bounds_axes"": [""X"", ""Y""], ""backend"": ""netcdf"", ""dropped_non_dim_coords"": [], ""output_var_dims"": [""time"", ""lat"", ""lon""], ""output_var_dtype"": ""float32"", ""output_var_shape"": [240, 45, 90], ""x_axis_name"": ""lon"", ""y_axis_name"": ""lat""}}, ""data"": {""left_dims"": [""time"", ""lat"", ""lon""], ""left_dtype"": ""float32"", ""left_shape"": [240, 45, 90], ""max_abs_diff"": 0.0, ""max_rel_diff"": 0.0, ""mismatch_mask"": null, ""nan_mismatch_count"": 0, ""right_dims"": [""time"", ""lat"", ""lon""], ""right_dtype"": ""float32"", ""right_shape"": [240, 45, 90]}, ""kerchunk_file_exists"": true, ""missing_netcdf_files"": [], ""netcdf_file_count_resolved"": 25, ""operation"": ""horizontal"", ""operation_config"": {""method"": ""bilinear"", ""target_grid"": {""lat_name"": ""lat"", ""lat_start"": -88, ""lat_step"": 4, ""lat_stop"": 88, ""lon_name"": ""lon"", ""lon_start"": 2, ""lon_step"": 4, ""lon_stop"": 358}, ""tool"": ""xesmf""}, ""output_axes"": {""axis_mismatch_reasons"": [], ""axis_resolution_errors"": {}, ""ignored_symmetric_axis_resolution_errors"": {""Z"": {""kerchunk"": ""KeyError: \""No 'Z' axis dimension coordinate variables were found in the xarray object. Make sure dimension coordinate variables exist, they are one dimensional, and their CF 'axis' or 'standard_name' attrs are correctly set.\"""", ""netcdf"": ""KeyError: \""No 'Z' axis dimension coordinate variables were found in the xarray object. Make sure dimension coordinate variables exist, they are one dimensional, and their CF 'axis' or 'standard_name' attrs are correctly set.\""""}}}, ""source_axes"": {""axis_mismatch_reasons"": [], ""axis_resolution_errors"": {}, ""ignored_symmetric_axis_resolution_errors"": {""Z"": {""kerchunk"": ""KeyError: \""No 'Z' axis dimension coordinate variables were found in the xarray object. Make sure dimension coordinate variables exist, they are one dimensional, and their CF 'axis' or 'standard_name' attrs are correctly set.\"""", ""netcdf"": ""KeyError: \""No 'Z' axis dimension coordinate variables were found in the xarray object. Make sure dimension coordinate variables exist, they are one dimensional, and their CF 'axis' or 'standard_name' attrs are correctly set.\""""}}}, ""structure"": {""coord_value_mismatches"": {}, ""extra_coord_names_in_kerchunk"": [], ""kerchunk_coord_names"": [""lat"", ""lon"", ""time""], ""kerchunk_dims"": [""time"", ""lat"", ""lon""], ""kerchunk_dtype"": ""float32"", ""kerchunk_shape"": [240, 45, 90], ""missing_coord_names_in_kerchunk"": [], ""netcdf_coord_names"": [""lat"", ""lon"", ""time""], ""netcdf_dims"": [""time"", ""lat"", ""lon""], ""netcdf_dtype"": ""float32"", ""netcdf_shape"": [240, 45, 90]}}"
CMIP6.CMIP.MPI-M.MPI-ESM1-2-LR.esm-piControl.r1i1p1f1.Amon.pr.gn.v20190815::spatial,CMIP6.CMIP.MPI-M.MPI-ESM1-2-LR.esm-piControl.r1i1p1f1.Amon.pr.gn.v20190815,/global/cfs/projectdirs/m4931/gsharing/css03_data/CMIP6/CMIP/MPI-M/MPI-ESM1-2-LR/esm-piControl/r1i1p1f1/Amon/pr/gn/v20190815,/global/cfs/projectdirs/m4931/kerchunk/pr/esm-piControl/mon/CMIP6.CMIP.MPI-M.MPI-ESM1-2-LR.esm-piControl.r1i1p1f1.Amon.pr.gn.v20190815.kerchunk.json,Amon,pr,25,25-49,2,spatial,"{""axis"": [""X"", ""Y""], ""weights"": ""generate""}",ok,,,,True,True,True,True,True,1e-06,1e-08,0.0,0.0,0.0,0.0,0.0,time,time,lat,lat,lon,lon,,,True,[],,"{""backend_execution"": {""kerchunk"": {""added_missing_bounds"": true, ""added_missing_bounds_axes"": [""X"", ""Y""], ""backend"": ""kerchunk"", ""dropped_non_dim_coords"": [], ""output_var_dims"": [""time""], ""output_var_dtype"": ""float64"", ""output_var_shape"": [240], ""x_axis_name"": ""lon"", ""y_axis_name"": ""lat""}, ""netcdf"": {""added_missing_bounds"": true, ""added_missing_bounds_axes"": [""X"", ""Y""], ""backend"": ""netcdf"", ""dropped_non_dim_coords"": [], ""output_var_dims"": [""time""], ""output_var_dtype"": ""float64"", ""output_var_shape"": [240], ""x_axis_name"": ""lon"", ""y_axis_name"": ""lat""}}, ""data"": {""left_dims"": [""time""], ""left_dtype"": ""float64"", ""left_shape"": [240], ""max_abs_diff"": 0.0, ""max_rel_diff"": 0.0, ""mismatch_mask"": null, ""nan_mismatch_count"": 0, ""right_dims"": [""time""], ""right_dtype"": ""float64"", ""right_shape"": [240]}, ""kerchunk_file_exists"": true, ""missing_netcdf_files"": [], ""netcdf_file_count_resolved"": 25, ""operation"": ""spatial"", ""operation_config"": {""axis"": [""X"", ""Y""], ""weights"": ""generate""}, ""output_axes"": {""axis_mismatch_reasons"": [], ""axis_resolution_errors"": {}, ""ignored_symmetric_axis_resolution_errors"": {""Z"": {""kerchunk"": ""KeyError: \""No 'Z' axis dimension coordinate variables were found in the xarray object. Make sure dimension coordinate variables exist, they are one dimensional, and their CF 'axis' or 'standard_name' attrs are correctly set.\"""", ""netcdf"": ""KeyError: \""No 'Z' axis dimension coordinate variables were found in the xarray object. Make sure dimension coordinate variables exist, they are one dimensional, and their CF 'axis' or 'standard_name' attrs are correctly set.\""""}}}, ""source_axes"": {""axis_mismatch_reasons"": [], ""axis_resolution_errors"": {}, ""ignored_symmetric_axis_resolution_errors"": {""Z"": {""kerchunk"": ""KeyError: \""No 'Z' axis dimension coordinate variables were found in the xarray object. Make sure dimension coordinate variables exist, they are one dimensional, and their CF 'axis' or 'standard_name' attrs are correctly set.\"""", ""netcdf"": ""KeyError: \""No 'Z' axis dimension coordinate variables were found in the xarray object. Make sure dimension coordinate variables exist, they are one dimensional, and their CF 'axis' or 'standard_name' attrs are correctly set.\""""}}}, ""structure"": {""coord_value_mismatches"": {}, ""extra_coord_names_in_kerchunk"": [], ""kerchunk_coord_names"": [""time""], ""kerchunk_dims"": [""time""], ""kerchunk_dtype"": ""float64"", ""kerchunk_shape"": [240], ""missing_coord_names_in_kerchunk"": [], ""netcdf_coord_names"": [""time""], ""netcdf_dims"": [""time""], ""netcdf_dtype"": ""float64"", ""netcdf_shape"": [240]}}"
CMIP6.CMIP.MPI-M.MPI-ESM1-2-LR.esm-piControl.r1i1p1f1.Amon.pr.gn.v20190815::temporal,CMIP6.CMIP.MPI-M.MPI-ESM1-2-LR.esm-piControl.r1i1p1f1.Amon.pr.gn.v20190815,/global/cfs/projectdirs/m4931/gsharing/css03_data/CMIP6/CMIP/MPI-M/MPI-ESM1-2-LR/esm-piControl/r1i1p1f1/Amon/pr/gn/v20190815,/global/cfs/projectdirs/m4931/kerchunk/pr/esm-piControl/mon/CMIP6.CMIP.MPI-M.MPI-ESM1-2-LR.esm-piControl.r1i1p1f1.Amon.pr.gn.v20190815.kerchunk.json,Amon,pr,25,25-49,2,temporal,"{""freq"": ""year""}",ok,,,,True,True,True,True,True,1e-06,1e-08,0.0,0.0,0.0,0.0,0.0,time,time,lat,lat,lon,lon,,,True,[],,"{""backend_execution"": {""kerchunk"": {""added_missing_bounds"": false, ""backend"": ""kerchunk"", ""dropped_non_dim_coords"": [], ""output_var_dims"": [""time"", ""lat"", ""lon""], ""output_var_dtype"": ""float64"", ""output_var_shape"": [20, 96, 192], ""time_axis_name"": ""time""}, ""netcdf"": {""added_missing_bounds"": false, ""backend"": ""netcdf"", ""dropped_non_dim_coords"": [], ""output_var_dims"": [""time"", ""lat"", ""lon""], ""output_var_dtype"": ""float64"", ""output_var_shape"": [20, 96, 192], ""time_axis_name"": ""time""}}, ""data"": {""left_dims"": [""time"", ""lat"", ""lon""], ""left_dtype"": ""float64"", ""left_shape"": [20, 96, 192], ""max_abs_diff"": 0.0, ""max_rel_diff"": 0.0, ""mismatch_mask"": null, ""nan_mismatch_count"": 0, ""right_dims"": [""time"", ""lat"", ""lon""], ""right_dtype"": ""float64"", ""right_shape"": [20, 96, 192]}, ""kerchunk_file_exists"": true, ""missing_netcdf_files"": [], ""netcdf_file_count_resolved"": 25, ""operation"": ""temporal"", ""operation_config"": {""freq"": ""year""}, ""output_axes"": {""axis_mismatch_reasons"": [], ""axis_resolution_errors"": {}, ""ignored_symmetric_axis_resolution_errors"": {""Z"": {""kerchunk"": ""KeyError: \""No 'Z' axis dimension coordinate variables were found in the xarray object. Make sure dimension coordinate variables exist, they are one dimensional, and their CF 'axis' or 'standard_name' attrs are correctly set.\"""", ""netcdf"": ""KeyError: \""No 'Z' axis dimension coordinate variables were found in the xarray object. Make sure dimension coordinate variables exist, they are one dimensional, and their CF 'axis' or 'standard_name' attrs are correctly set.\""""}}}, ""source_axes"": {""axis_mismatch_reasons"": [], ""axis_resolution_errors"": {}, ""ignored_symmetric_axis_resolution_errors"": {""Z"": {""kerchunk"": ""KeyError: \""No 'Z' axis dimension coordinate variables were found in the xarray object. Make sure dimension coordinate variables exist, they are one dimensional, and their CF 'axis' or 'standard_name' attrs are correctly set.\"""", ""netcdf"": ""KeyError: \""No 'Z' axis dimension coordinate variables were found in the xarray object. Make sure dimension coordinate variables exist, they are one dimensional, and their CF 'axis' or 'standard_name' attrs are correctly set.\""""}}}, ""structure"": {""coord_value_mismatches"": {}, ""extra_coord_names_in_kerchunk"": [], ""kerchunk_coord_names"": [""lat"", ""lon"", ""time""], ""kerchunk_dims"": [""time"", ""lat"", ""lon""], ""kerchunk_dtype"": ""float64"", ""kerchunk_shape"": [20, 96, 192], ""missing_coord_names_in_kerchunk"": [], ""netcdf_coord_names"": [""lat"", ""lon"", ""time""], ""netcdf_dims"": [""time"", ""lat"", ""lon""], ""netcdf_dtype"": ""float64"", ""netcdf_shape"": [20, 96, 192]}}"
CMIP6.CMIP.MPI-M.MPI-ESM1-2-LR.esm-piControl.r1i1p1f1.Amon.pr.gn.v20190815::vertical,CMIP6.CMIP.MPI-M.MPI-ESM1-2-LR.esm-piControl.r1i1p1f1.Amon.pr.gn.v20190815,/global/cfs/projectdirs/m4931/gsharing/css03_data/CMIP6/CMIP/MPI-M/MPI-ESM1-2-LR/esm-piControl/r1i1p1f1/Amon/pr/gn/v20190815,/global/cfs/projectdirs/m4931/kerchunk/pr/esm-piControl/mon/CMIP6.CMIP.MPI-M.MPI-ESM1-2-LR.esm-piControl.r1i1p1f1.Amon.pr.gn.v20190815.kerchunk.json,Amon,pr,25,25-49,2,vertical,"{""method"": ""log"", ""target_plevs_pa"": [100000, 92500, 85000, 75000, 70000, 60000, 50000, 40000, 30000, 25000, 20000, 15000, 10000, 7000, 5000, 3000, 1000, 500, 300, 100], ""tool"": ""xgcm""}",skipped,missing_vertical_axis,,,,,,,,1e-06,1e-08,,,,,,,,,,,,,,False,"[""operation_not_applicable""]",operation_not_applicable,"{""backend_execution"": {""kerchunk"": {""backend"": ""kerchunk"", ""reason"": ""missing_vertical_axis"", ""z_axis_name"": null}, ""netcdf"": {""backend"": ""netcdf"", ""reason"": ""missing_vertical_axis"", ""z_axis_name"": null}}, ""kerchunk_file_exists"": true, ""missing_netcdf_files"": [], ""netcdf_file_count_resolved"": 25, ""operation"": ""vertical"", ""operation_config"": {""method"": ""log"", ""target_plevs_pa"": [100000, 92500, 85000, 75000, 70000, 60000, 50000, 40000, 30000, 25000, 20000, 15000, 10000, 7000, 5000, 3000, 1000, 500, 300, 100], ""tool"": ""xgcm""}, ""pair_resolution"": {""error_message"": null, ""error_type"": null, ""skip_reason"": ""missing_vertical_axis"", ""status"": ""skipped""}, ""source_axes"": {""axis_mismatch_reasons"": [], ""axis_resolution_errors"": {}, ""ignored_symmetric_axis_resolution_errors"": {""Z"": {""kerchunk"": ""KeyError: \""No 'Z' axis dimension coordinate variables were found in the xarray object. Make sure dimension coordinate variables exist, they are one dimensional, and their CF 'axis' or 'standard_name' attrs are correctly set.\"""", ""netcdf"": ""KeyError: \""No 'Z' axis dimension coordinate variables were found in the xarray object. Make sure dimension coordinate variables exist, they are one dimensional, and their CF 'axis' or 'standard_name' attrs are correctly set.\""""}}}}"
CMIP6.CMIP.MPI-M.MPI-ESM1-2-LR.esm-piControl.r1i1p1f1.Amon.ta.gn.v20190815::horizontal,CMIP6.CMIP.MPI-M.MPI-ESM1-2-LR.esm-piControl.r1i1p1f1.Amon.ta.gn.v20190815,/global/cfs/projectdirs/m4931/gsharing/css03_data/CMIP6/CMIP/MPI-M/MPI-ESM1-2-LR/esm-piControl/r1i1p1f1/Amon/ta/gn/v20190815,/global/cfs/projectdirs/m4931/kerchunk/ta/esm-piControl/mon/CMIP6.CMIP.MPI-M.MPI-ESM1-2-LR.esm-piControl.r1i1p1f1.Amon.ta.gn.v20190815.kerchunk.json,Amon,ta,25,25-49,5,horizontal,"{""method"": ""bilinear"", ""target_grid"": {""lat_name"": ""lat"", ""lat_start"": -88, ""lat_step"": 4, ""lat_stop"": 88, ""lon_name"": ""lon"", ""lon_start"": 2, ""lon_step"": 4, ""lon_stop"": 358}, ""tool"": ""xesmf""}",ok,,,,True,True,True,True,True,1e-06,1e-08,0.0,0.0,0.0,0.0,0.0,time,time,lat,lat,lon,lon,plev,plev,True,[],,"{""backend_execution"": {""kerchunk"": {""added_missing_bounds"": true, ""added_missing_bounds_axes"": [""X"", ""Y""], ""backend"": ""kerchunk"", ""dropped_non_dim_coords"": [], ""output_var_dims"": [""time"", ""plev"", ""lat"", ""lon""], ""output_var_dtype"": ""float32"", ""output_var_shape"": [240, 19, 45, 90], ""x_axis_name"": ""lon"", ""y_axis_name"": ""lat""}, ""netcdf"": {""added_missing_bounds"": true, ""added_missing_bounds_axes"": [""X"", ""Y""], ""backend"": ""netcdf"", ""dropped_non_dim_coords"": [], ""output_var_dims"": [""time"", ""plev"", ""lat"", ""lon""], ""output_var_dtype"": ""float32"", ""output_var_shape"": [240, 19, 45, 90], ""x_axis_name"": ""lon"", ""y_axis_name"": ""lat""}}, ""data"": {""left_dims"": [""time"", ""plev"", ""lat"", ""lon""], ""left_dtype"": ""float32"", ""left_shape"": [240, 19, 45, 90], ""max_abs_diff"": 0.0, ""max_rel_diff"": 0.0, ""mismatch_mask"": null, ""nan_mismatch_count"": 0, ""right_dims"": [""time"", ""plev"", ""lat"", ""lon""], ""right_dtype"": ""float32"", ""right_shape"": [240, 19, 45, 90]}, ""kerchunk_file_exists"": true, ""missing_netcdf_files"": [], ""netcdf_file_count_resolved"": 25, ""operation"": ""horizontal"", ""operation_config"": {""method"": ""bilinear"", ""target_grid"": {""lat_name"": ""lat"", ""lat_start"": -88, ""lat_step"": 4, ""lat_stop"": 88, ""lon_name"": ""lon"", ""lon_start"": 2, ""lon_step"": 4, ""lon_stop"": 358}, ""tool"": ""xesmf""}, ""output_axes"": {""axis_mismatch_reasons"": [], ""axis_resolution_errors"": {}, ""ignored_symmetric_axis_resolution_errors"": {}}, ""source_axes"": {""axis_mismatch_reasons"": [], ""axis_resolution_errors"": {}, ""ignored_symmetric_axis_resolution_errors"": {}}, ""structure"": {""coord_value_mismatches"": {}, ""extra_coord_names_in_kerchunk"": [], ""kerchunk_coord_names"": [""lat"", ""lon"", ""plev"", ""time""], ""kerchunk_dims"": [""time"", ""plev"", ""lat"", ""lon""], ""kerchunk_dtype"": ""float32"", ""kerchunk_shape"": [240, 19, 45, 90], ""missing_coord_names_in_kerchunk"": [], ""netcdf_coord_names"": [""lat"", ""lon"", ""plev"", ""time""], ""netcdf_dims"": [""time"", ""plev"", ""lat"", ""lon""], ""netcdf_dtype"": ""float32"", ""netcdf_shape"": [240, 19, 45, 90]}}"
CMIP6.CMIP.MPI-M.MPI-ESM1-2-LR.esm-piControl.r1i1p1f1.Amon.ta.gn.v20190815::spatial,CMIP6.CMIP.MPI-M.MPI-ESM1-2-LR.esm-piControl.r1i1p1f1.Amon.ta.gn.v20190815,/global/cfs/projectdirs/m4931/gsharing/css03_data/CMIP6/CMIP/MPI-M/MPI-ESM1-2-LR/esm-piControl/r1i1p1f1/Amon/ta/gn/v20190815,/global/cfs/projectdirs/m4931/kerchunk/ta/esm-piControl/mon/CMIP6.CMIP.MPI-M.MPI-ESM1-2-LR.esm-piControl.r1i1p1f1.Amon.ta.gn.v20190815.kerchunk.json,Amon,ta,25,25-49,5,spatial,"{""axis"": [""X"", ""Y""], ""weights"": ""generate""}",ok,,,,True,True,True,True,True,1e-06,1e-08,0.0,0.0,0.0,0.0,0.0,time,time,lat,lat,lon,lon,plev,plev,True,[],,"{""backend_execution"": {""kerchunk"": {""added_missing_bounds"": true, ""added_missing_bounds_axes"": [""X"", ""Y""], ""backend"": ""kerchunk"", ""dropped_non_dim_coords"": [], ""output_var_dims"": [""time"", ""plev""], ""output_var_dtype"": ""float64"", ""output_var_shape"": [240, 19], ""x_axis_name"": ""lon"", ""y_axis_name"": ""lat""}, ""netcdf"": {""added_missing_bounds"": true, ""added_missing_bounds_axes"": [""X"", ""Y""], ""backend"": ""netcdf"", ""dropped_non_dim_coords"": [], ""output_var_dims"": [""time"", ""plev""], ""output_var_dtype"": ""float64"", ""output_var_shape"": [240, 19], ""x_axis_name"": ""lon"", ""y_axis_name"": ""lat""}}, ""data"": {""left_dims"": [""time"", ""plev""], ""left_dtype"": ""float64"", ""left_shape"": [240, 19], ""max_abs_diff"": 0.0, ""max_rel_diff"": 0.0, ""mismatch_mask"": null, ""nan_mismatch_count"": 0, ""right_dims"": [""time"", ""plev""], ""right_dtype"": ""float64"", ""right_shape"": [240, 19]}, ""kerchunk_file_exists"": true, ""missing_netcdf_files"": [], ""netcdf_file_count_resolved"": 25, ""operation"": ""spatial"", ""operation_config"": {""axis"": [""X"", ""Y""], ""weights"": ""generate""}, ""output_axes"": {""axis_mismatch_reasons"": [], ""axis_resolution_errors"": {}, ""ignored_symmetric_axis_resolution_errors"": {}}, ""source_axes"": {""axis_mismatch_reasons"": [], ""axis_resolution_errors"": {}, ""ignored_symmetric_axis_resolution_errors"": {}}, ""structure"": {""coord_value_mismatches"": {}, ""extra_coord_names_in_kerchunk"": [], ""kerchunk_coord_names"": [""plev"", ""time""], ""kerchunk_dims"": [""time"", ""plev""], ""kerchunk_dtype"": ""float64"", ""kerchunk_shape"": [240, 19], ""missing_coord_names_in_kerchunk"": [], ""netcdf_coord_names"": [""plev"", ""time""], ""netcdf_dims"": [""time"", ""plev""], ""netcdf_dtype"": ""float64"", ""netcdf_shape"": [240, 19]}}"
CMIP6.CMIP.MPI-M.MPI-ESM1-2-LR.esm-piControl.r1i1p1f1.Amon.ta.gn.v20190815::temporal,CMIP6.CMIP.MPI-M.MPI-ESM1-2-LR.esm-piControl.r1i1p1f1.Amon.ta.gn.v20190815,/global/cfs/projectdirs/m4931/gsharing/css03_data/CMIP6/CMIP/MPI-M/MPI-ESM1-2-LR/esm-piControl/r1i1p1f1/Amon/ta/gn/v20190815,/global/cfs/projectdirs/m4931/kerchunk/ta/esm-piControl/mon/CMIP6.CMIP.MPI-M.MPI-ESM1-2-LR.esm-piControl.r1i1p1f1.Amon.ta.gn.v20190815.kerchunk.json,Amon,ta,25,25-49,5,temporal,"{""freq"": ""year""}",ok,,,,True,True,True,True,True,1e-06,1e-08,0.0,0.0,0.0,0.0,0.0,time,time,lat,lat,lon,lon,plev,plev,True,[],,"{""backend_execution"": {""kerchunk"": {""added_missing_bounds"": false, ""backend"": ""kerchunk"", ""dropped_non_dim_coords"": [], ""output_var_dims"": [""time"", ""plev"", ""lat"", ""lon""], ""output_var_dtype"": ""float64"", ""output_var_shape"": [20, 19, 96, 192], ""time_axis_name"": ""time""}, ""netcdf"": {""added_missing_bounds"": false, ""backend"": ""netcdf"", ""dropped_non_dim_coords"": [], ""output_var_dims"": [""time"", ""plev"", ""lat"", ""lon""], ""output_var_dtype"": ""float64"", ""output_var_shape"": [20, 19, 96, 192], ""time_axis_name"": ""time""}}, ""data"": {""left_dims"": [""time"", ""plev"", ""lat"", ""lon""], ""left_dtype"": ""float64"", ""left_shape"": [20, 19, 96, 192], ""max_abs_diff"": 0.0, ""max_rel_diff"": 0.0, ""mismatch_mask"": null, ""nan_mismatch_count"": 0, ""right_dims"": [""time"", ""plev"", ""lat"", ""lon""], ""right_dtype"": ""float64"", ""right_shape"": [20, 19, 96, 192]}, ""kerchunk_file_exists"": true, ""missing_netcdf_files"": [], ""netcdf_file_count_resolved"": 25, ""operation"": ""temporal"", ""operation_config"": {""freq"": ""year""}, ""output_axes"": {""axis_mismatch_reasons"": [], ""axis_resolution_errors"": {}, ""ignored_symmetric_axis_resolution_errors"": {}}, ""source_axes"": {""axis_mismatch_reasons"": [], ""axis_resolution_errors"": {}, ""ignored_symmetric_axis_resolution_errors"": {}}, ""structure"": {""coord_value_mismatches"": {}, ""extra_coord_names_in_kerchunk"": [], ""kerchunk_coord_names"": [""lat"", ""lon"", ""plev"", ""time""], ""kerchunk_dims"": [""time"", ""plev"", ""lat"", ""lon""], ""kerchunk_dtype"": ""float64"", ""kerchunk_shape"": [20, 19, 96, 192], ""missing_coord_names_in_kerchunk"": [], ""netcdf_coord_names"": [""lat"", ""lon"", ""plev"", ""time""], ""netcdf_dims"": [""time"", ""plev"", ""lat"", ""lon""], ""netcdf_dtype"": ""float64"", ""netcdf_shape"": [20, 19, 96, 192]}}"
CMIP6.CMIP.MPI-M.MPI-ESM1-2-LR.esm-piControl.r1i1p1f1.Amon.ta.gn.v20190815::vertical,CMIP6.CMIP.MPI-M.MPI-ESM1-2-LR.esm-piControl.r1i1p1f1.Amon.ta.gn.v20190815,/global/cfs/projectdirs/m4931/gsharing/css03_data/CMIP6/CMIP/MPI-M/MPI-ESM1-2-LR/esm-piControl/r1i1p1f1/Amon/ta/gn/v20190815,/global/cfs/projectdirs/m4931/kerchunk/ta/esm-piControl/mon/CMIP6.CMIP.MPI-M.MPI-ESM1-2-LR.esm-piControl.r1i1p1f1.Amon.ta.gn.v20190815.kerchunk.json,Amon,ta,25,25-49,5,vertical,"{""method"": ""log"", ""target_plevs_pa"": [100000, 92500, 85000, 75000, 70000, 60000, 50000, 40000, 30000, 25000, 20000, 15000, 10000, 7000, 5000, 3000, 1000, 500, 300, 100], ""tool"": ""xgcm""}",ok,,,,True,True,True,True,True,1e-06,1e-08,0.0,0.0,0.0,0.0,0.0,time,time,lat,lat,lon,lon,lev,lev,True,[],,"{""backend_execution"": {""kerchunk"": {""added_missing_bounds"": true, ""added_missing_bounds_axes"": [""Z""], ""backend"": ""kerchunk"", ""output_var_dims"": [""time"", ""lev"", ""lat"", ""lon""], ""output_var_dtype"": ""float64"", ""output_var_shape"": [240, 20, 96, 192], ""vertical_kwargs"": {""tool"": ""xgcm""}, ""z_axis_name"": ""plev""}, ""netcdf"": {""added_missing_bounds"": true, ""added_missing_bounds_axes"": [""Z""], ""backend"": ""netcdf"", ""output_var_dims"": [""time"", ""lev"", ""lat"", ""lon""], ""output_var_dtype"": ""float64"", ""output_var_shape"": [240, 20, 96, 192], ""vertical_kwargs"": {""tool"": ""xgcm""}, ""z_axis_name"": ""plev""}}, ""data"": {""left_dims"": [""time"", ""lev"", ""lat"", ""lon""], ""left_dtype"": ""float64"", ""left_shape"": [240, 20, 96, 192], ""max_abs_diff"": 0.0, ""max_rel_diff"": 0.0, ""mismatch_mask"": null, ""nan_mismatch_count"": 0, ""right_dims"": [""time"", ""lev"", ""lat"", ""lon""], ""right_dtype"": ""float64"", ""right_shape"": [240, 20, 96, 192]}, ""kerchunk_file_exists"": true, ""missing_netcdf_files"": [], ""netcdf_file_count_resolved"": 25, ""operation"": ""vertical"", ""operation_config"": {""method"": ""log"", ""target_plevs_pa"": [100000, 92500, 85000, 75000, 70000, 60000, 50000, 40000, 30000, 25000, 20000, 15000, 10000, 7000, 5000, 3000, 1000, 500, 300, 100], ""tool"": ""xgcm""}, ""output_axes"": {""axis_mismatch_reasons"": [], ""axis_resolution_errors"": {}, ""ignored_symmetric_axis_resolution_errors"": {}}, ""source_axes"": {""axis_mismatch_reasons"": [], ""axis_resolution_errors"": {}, ""ignored_symmetric_axis_resolution_errors"": {}}, ""structure"": {""coord_value_mismatches"": {}, ""extra_coord_names_in_kerchunk"": [], ""kerchunk_coord_names"": [""lat"", ""lev"", ""lon"", ""time""], ""kerchunk_dims"": [""time"", ""lev"", ""lat"", ""lon""], ""kerchunk_dtype"": ""float64"", ""kerchunk_shape"": [240, 20, 96, 192], ""missing_coord_names_in_kerchunk"": [], ""netcdf_coord_names"": [""lat"", ""lev"", ""lon"", ""time""], ""netcdf_dims"": [""time"", ""lev"", ""lat"", ""lon""], ""netcdf_dtype"": ""float64"", ""netcdf_shape"": [240, 20, 96, 192]}}"
CMIP6.CMIP.FIO-QLNM.FIO-ESM-2-0.piControl.r1i1p1f1.Amon.hus.gn.kerchunk.json::horizontal,CMIP6.CMIP.FIO-QLNM.FIO-ESM-2-0.piControl.r1i1p1f1.Amon.hus.gn.kerchunk.json,/global/cfs/projectdirs/m4931/gsharing/css03_data/CMIP6/CMIP/FIO-QLNM/FIO-ESM-2-0/piControl/r1i1p1f1/Amon/hus/gn/v20201016,/global/cfs/projectdirs/m4931/kerchunk/hus/piControl/mon/CMIP6.CMIP.FIO-QLNM.FIO-ESM-2-0.piControl.r1i1p1f1.Amon.hus.gn.kerchunk.json,Amon,hus,50,50-99,3,horizontal,"{""method"": ""bilinear"", ""target_grid"": {""lat_name"": ""lat"", ""lat_start"": -88, ""lat_step"": 4, ""lat_stop"": 88, ""lon_name"": ""lon"", ""lon_start"": 2, ""lon_step"": 4, ""lon_stop"": 358}, ""tool"": ""xesmf""}",ok,,,,True,True,True,True,True,1e-06,1e-08,0.0,0.0,0.0,0.0,0.0,time,time,lat,lat,lon,lon,plev,plev,True,[],,"{""backend_execution"": {""kerchunk"": {""added_missing_bounds"": true, ""added_missing_bounds_axes"": [""X"", ""Y""], ""backend"": ""kerchunk"", ""dropped_non_dim_coords"": [], ""output_var_dims"": [""time"", ""plev"", ""lat"", ""lon""], ""output_var_dtype"": ""float32"", ""output_var_shape"": [240, 19, 45, 90], ""x_axis_name"": ""lon"", ""y_axis_name"": ""lat""}, ""netcdf"": {""added_missing_bounds"": true, ""added_missing_bounds_axes"": [""X"", ""Y""], ""backend"": ""netcdf"", ""dropped_non_dim_coords"": [], ""output_var_dims"": [""time"", ""plev"", ""lat"", ""lon""], ""output_var_dtype"": ""float32"", ""output_var_shape"": [240, 19, 45, 90], ""x_axis_name"": ""lon"", ""y_axis_name"": ""lat""}}, ""data"": {""left_dims"": [""time"", ""plev"", ""lat"", ""lon""], ""left_dtype"": ""float32"", ""left_shape"": [240, 19, 45, 90], ""max_abs_diff"": 0.0, ""max_rel_diff"": 0.0, ""mismatch_mask"": null, ""nan_mismatch_count"": 0, ""right_dims"": [""time"", ""plev"", ""lat"", ""lon""], ""right_dtype"": ""float32"", ""right_shape"": [240, 19, 45, 90]}, ""kerchunk_file_exists"": true, ""missing_netcdf_files"": [], ""netcdf_file_count_resolved"": 50, ""operation"": ""horizontal"", ""operation_config"": {""method"": ""bilinear"", ""target_grid"": {""lat_name"": ""lat"", ""lat_start"": -88, ""lat_step"": 4, ""lat_stop"": 88, ""lon_name"": ""lon"", ""lon_start"": 2, ""lon_step"": 4, ""lon_stop"": 358}, ""tool"": ""xesmf""}, ""output_axes"": {""axis_mismatch_reasons"": [], ""axis_resolution_errors"": {}, ""ignored_symmetric_axis_resolution_errors"": {}}, ""source_axes"": {""axis_mismatch_reasons"": [], ""axis_resolution_errors"": {}, ""ignored_symmetric_axis_resolution_errors"": {}}, ""structure"": {""coord_value_mismatches"": {}, ""extra_coord_names_in_kerchunk"": [], ""kerchunk_coord_names"": [""lat"", ""lon"", ""plev"", ""time""], ""kerchunk_dims"": [""time"", ""plev"", ""lat"", ""lon""], ""kerchunk_dtype"": ""float32"", ""kerchunk_shape"": [240, 19, 45, 90], ""missing_coord_names_in_kerchunk"": [], ""netcdf_coord_names"": [""lat"", ""lon"", ""plev"", ""time""], ""netcdf_dims"": [""time"", ""plev"", ""lat"", ""lon""], ""netcdf_dtype"": ""float32"", ""netcdf_shape"": [240, 19, 45, 90]}}"
CMIP6.CMIP.FIO-QLNM.FIO-ESM-2-0.piControl.r1i1p1f1.Amon.hus.gn.kerchunk.json::spatial,CMIP6.CMIP.FIO-QLNM.FIO-ESM-2-0.piControl.r1i1p1f1.Amon.hus.gn.kerchunk.json,/global/cfs/projectdirs/m4931/gsharing/css03_data/CMIP6/CMIP/FIO-QLNM/FIO-ESM-2-0/piControl/r1i1p1f1/Amon/hus/gn/v20201016,/global/cfs/projectdirs/m4931/kerchunk/hus/piControl/mon/CMIP6.CMIP.FIO-QLNM.FIO-ESM-2-0.piControl.r1i1p1f1.Amon.hus.gn.kerchunk.json,Amon,hus,50,50-99,3,spatial,"{""axis"": [""X"", ""Y""], ""weights"": ""generate""}",ok,,,,True,True,True,True,True,1e-06,1e-08,0.0,0.0,0.0,0.0,0.0,time,time,lat,lat,lon,lon,plev,plev,True,[],,"{""backend_execution"": {""kerchunk"": {""added_missing_bounds"": true, ""added_missing_bounds_axes"": [""X"", ""Y""], ""backend"": ""kerchunk"", ""dropped_non_dim_coords"": [], ""output_var_dims"": [""time"", ""plev""], ""output_var_dtype"": ""float64"", ""output_var_shape"": [240, 19], ""x_axis_name"": ""lon"", ""y_axis_name"": ""lat""}, ""netcdf"": {""added_missing_bounds"": true, ""added_missing_bounds_axes"": [""X"", ""Y""], ""backend"": ""netcdf"", ""dropped_non_dim_coords"": [], ""output_var_dims"": [""time"", ""plev""], ""output_var_dtype"": ""float64"", ""output_var_shape"": [240, 19], ""x_axis_name"": ""lon"", ""y_axis_name"": ""lat""}}, ""data"": {""left_dims"": [""time"", ""plev""], ""left_dtype"": ""float64"", ""left_shape"": [240, 19], ""max_abs_diff"": 0.0, ""max_rel_diff"": 0.0, ""mismatch_mask"": null, ""nan_mismatch_count"": 0, ""right_dims"": [""time"", ""plev""], ""right_dtype"": ""float64"", ""right_shape"": [240, 19]}, ""kerchunk_file_exists"": true, ""missing_netcdf_files"": [], ""netcdf_file_count_resolved"": 50, ""operation"": ""spatial"", ""operation_config"": {""axis"": [""X"", ""Y""], ""weights"": ""generate""}, ""output_axes"": {""axis_mismatch_reasons"": [], ""axis_resolution_errors"": {}, ""ignored_symmetric_axis_resolution_errors"": {}}, ""source_axes"": {""axis_mismatch_reasons"": [], ""axis_resolution_errors"": {}, ""ignored_symmetric_axis_resolution_errors"": {}}, ""structure"": {""coord_value_mismatches"": {}, ""extra_coord_names_in_kerchunk"": [], ""kerchunk_coord_names"": [""plev"", ""time""], ""kerchunk_dims"": [""time"", ""plev""], ""kerchunk_dtype"": ""float64"", ""kerchunk_shape"": [240, 19], ""missing_coord_names_in_kerchunk"": [], ""netcdf_coord_names"": [""plev"", ""time""], ""netcdf_dims"": [""time"", ""plev""], ""netcdf_dtype"": ""float64"", ""netcdf_shape"": [240, 19]}}"
CMIP6.CMIP.FIO-QLNM.FIO-ESM-2-0.piControl.r1i1p1f1.Amon.hus.gn.kerchunk.json::temporal,CMIP6.CMIP.FIO-QLNM.FIO-ESM-2-0.piControl.r1i1p1f1.Amon.hus.gn.kerchunk.json,/global/cfs/projectdirs/m4931/gsharing/css03_data/CMIP6/CMIP/FIO-QLNM/FIO-ESM-2-0/piControl/r1i1p1f1/Amon/hus/gn/v20201016,/global/cfs/projectdirs/m4931/kerchunk/hus/piControl/mon/CMIP6.CMIP.FIO-QLNM.FIO-ESM-2-0.piControl.r1i1p1f1.Amon.hus.gn.kerchunk.json,Amon,hus,50,50-99,3,temporal,"{""freq"": ""year""}",ok,,,,True,True,True,True,True,1e-06,1e-08,0.0,0.0,0.0,0.0,0.0,time,time,lat,lat,lon,lon,plev,plev,True,[],,"{""backend_execution"": {""kerchunk"": {""added_missing_bounds"": false, ""backend"": ""kerchunk"", ""dropped_non_dim_coords"": [], ""output_var_dims"": [""time"", ""plev"", ""lat"", ""lon""], ""output_var_dtype"": ""float64"", ""output_var_shape"": [20, 19, 192, 288], ""time_axis_name"": ""time""}, ""netcdf"": {""added_missing_bounds"": false, ""backend"": ""netcdf"", ""dropped_non_dim_coords"": [], ""output_var_dims"": [""time"", ""plev"", ""lat"", ""lon""], ""output_var_dtype"": ""float64"", ""output_var_shape"": [20, 19, 192, 288], ""time_axis_name"": ""time""}}, ""data"": {""left_dims"": [""time"", ""plev"", ""lat"", ""lon""], ""left_dtype"": ""float64"", ""left_shape"": [20, 19, 192, 288], ""max_abs_diff"": 0.0, ""max_rel_diff"": 0.0, ""mismatch_mask"": null, ""nan_mismatch_count"": 0, ""right_dims"": [""time"", ""plev"", ""lat"", ""lon""], ""right_dtype"": ""float64"", ""right_shape"": [20, 19, 192, 288]}, ""kerchunk_file_exists"": true, ""missing_netcdf_files"": [], ""netcdf_file_count_resolved"": 50, ""operation"": ""temporal"", ""operation_config"": {""freq"": ""year""}, ""output_axes"": {""axis_mismatch_reasons"": [], ""axis_resolution_errors"": {}, ""ignored_symmetric_axis_resolution_errors"": {}}, ""source_axes"": {""axis_mismatch_reasons"": [], ""axis_resolution_errors"": {}, ""ignored_symmetric_axis_resolution_errors"": {}}, ""structure"": {""coord_value_mismatches"": {}, ""extra_coord_names_in_kerchunk"": [], ""kerchunk_coord_names"": [""lat"", ""lon"", ""plev"", ""time""], ""kerchunk_dims"": [""time"", ""plev"", ""lat"", ""lon""], ""kerchunk_dtype"": ""float64"", ""kerchunk_shape"": [20, 19, 192, 288], ""missing_coord_names_in_kerchunk"": [], ""netcdf_coord_names"": [""lat"", ""lon"", ""plev"", ""time""], ""netcdf_dims"": [""time"", ""plev"", ""lat"", ""lon""], ""netcdf_dtype"": ""float64"", ""netcdf_shape"": [20, 19, 192, 288]}}"
CMIP6.CMIP.FIO-QLNM.FIO-ESM-2-0.piControl.r1i1p1f1.Amon.hus.gn.kerchunk.json::vertical,CMIP6.CMIP.FIO-QLNM.FIO-ESM-2-0.piControl.r1i1p1f1.Amon.hus.gn.kerchunk.json,/global/cfs/projectdirs/m4931/gsharing/css03_data/CMIP6/CMIP/FIO-QLNM/FIO-ESM-2-0/piControl/r1i1p1f1/Amon/hus/gn/v20201016,/global/cfs/projectdirs/m4931/kerchunk/hus/piControl/mon/CMIP6.CMIP.FIO-QLNM.FIO-ESM-2-0.piControl.r1i1p1f1.Amon.hus.gn.kerchunk.json,Amon,hus,50,50-99,3,vertical,"{""method"": ""log"", ""target_plevs_pa"": [100000, 92500, 85000, 75000, 70000, 60000, 50000, 40000, 30000, 25000, 20000, 15000, 10000, 7000, 5000, 3000, 1000, 500, 300, 100], ""tool"": ""xgcm""}",error,,operation_failed_both_backends,"kerchunk=vertical_operation_failed:dimension temp_unique on 0th function argument to apply_ufunc with dask='parallelized' consists of multiple chunks, but is also a core dimension. To fix, either rechunk into a single array chunk along this dimension, i.e., ``.chunk(dict(temp_unique=-1))``, or pass ``allow_rechunk=True`` in ``dask_gufunc_kwargs`` but beware that this may significantly increase memory usage. | netcdf=vertical_operation_failed:dimension temp_unique on 0th function argument to apply_ufunc with dask='parallelized' consists of multiple chunks, but is also a core dimension. To fix, either rechunk into a single array chunk along this dimension, i.e., ``.chunk(dict(temp_unique=-1))``, or pass ``allow_rechunk=True`` in ``dask_gufunc_kwargs`` but beware that this may significantly increase memory usage.",,,,,,1e-06,1e-08,,,,,,,,,,,,,,False,"[""backend_execution_mismatch""]",backend_execution_mismatch,"{""backend_execution"": {""kerchunk"": {""added_missing_bounds"": true, ""added_missing_bounds_axes"": [""Z""], ""backend"": ""kerchunk"", ""operation_error"": ""ValueError: dimension temp_unique on 0th function argument to apply_ufunc with dask='parallelized' consists of multiple chunks, but is also a core dimension. To fix, either rechunk into a single array chunk along this dimension, i.e., ``.chunk(dict(temp_unique=-1))``, or pass ``allow_rechunk=True`` in ``dask_gufunc_kwargs`` but beware that this may significantly increase memory usage."", ""vertical_kwargs"": {""tool"": ""xgcm""}, ""z_axis_name"": ""plev""}, ""netcdf"": {""added_missing_bounds"": true, ""added_missing_bounds_axes"": [""Z""], ""backend"": ""netcdf"", ""operation_error"": ""ValueError: dimension temp_unique on 0th function argument to apply_ufunc with dask='parallelized' consists of multiple chunks, but is also a core dimension. To fix, either rechunk into a single array chunk along this dimension, i.e., ``.chunk(dict(temp_unique=-1))``, or pass ``allow_rechunk=True`` in ``dask_gufunc_kwargs`` but beware that this may significantly increase memory usage."", ""vertical_kwargs"": {""tool"": ""xgcm""}, ""z_axis_name"": ""plev""}}, ""kerchunk_file_exists"": true, ""missing_netcdf_files"": [], ""netcdf_file_count_resolved"": 50, ""operation"": ""vertical"", ""operation_config"": {""method"": ""log"", ""target_plevs_pa"": [100000, 92500, 85000, 75000, 70000, 60000, 50000, 40000, 30000, 25000, 20000, 15000, 10000, 7000, 5000, 3000, 1000, 500, 300, 100], ""tool"": ""xgcm""}, ""pair_resolution"": {""error_message"": ""kerchunk=vertical_operation_failed:dimension temp_unique on 0th function argument to apply_ufunc with dask='parallelized' consists of multiple chunks, but is also a core dimension. To fix, either rechunk into a single array chunk along this dimension, i.e., ``.chunk(dict(temp_unique=-1))``, or pass ``allow_rechunk=True`` in ``dask_gufunc_kwargs`` but beware that this may significantly increase memory usage. | netcdf=vertical_operation_failed:dimension temp_unique on 0th function argument to apply_ufunc with dask='parallelized' consists of multiple chunks, but is also a core dimension. To fix, either rechunk into a single array chunk along this dimension, i.e., ``.chunk(dict(temp_unique=-1))``, or pass ``allow_rechunk=True`` in ``dask_gufunc_kwargs`` but beware that this may significantly increase memory usage."", ""error_type"": ""operation_failed_both_backends"", ""status"": ""error""}, ""source_axes"": {""axis_mismatch_reasons"": [], ""axis_resolution_errors"": {}, ""ignored_symmetric_axis_resolution_errors"": {}}}"
CMIP6.CMIP.HAMMOZ-Consortium.MPI-ESM-1-2-HAM.piControl.r1i1p1f1.Amon.hur.gn.kerchunk.json::horizontal,CMIP6.CMIP.HAMMOZ-Consortium.MPI-ESM-1-2-HAM.piControl.r1i1p1f1.Amon.hur.gn.kerchunk.json,/global/cfs/projectdirs/m4931/gsharing/css03_data/CMIP6/CMIP/HAMMOZ-Consortium/MPI-ESM-1-2-HAM/piControl/r1i1p1f1/Amon/hur/gn/v20200120,/global/cfs/projectdirs/m4931/kerchunk/hur/piControl/mon/CMIP6.CMIP.HAMMOZ-Consortium.MPI-ESM-1-2-HAM.piControl.r1i1p1f1.Amon.hur.gn.kerchunk.json,Amon,hur,50,50-99,1,horizontal,"{""method"": ""bilinear"", ""target_grid"": {""lat_name"": ""lat"", ""lat_start"": -88, ""lat_step"": 4, ""lat_stop"": 88, ""lon_name"": ""lon"", ""lon_start"": 2, ""lon_step"": 4, ""lon_stop"": 358}, ""tool"": ""xesmf""}",ok,,,,True,True,True,True,True,1e-06,1e-08,0.0,0.0,0.0,0.0,0.0,time,time,lat,lat,lon,lon,plev,plev,True,[],,"{""backend_execution"": {""kerchunk"": {""added_missing_bounds"": true, ""added_missing_bounds_axes"": [""X"", ""Y""], ""backend"": ""kerchunk"", ""dropped_non_dim_coords"": [], ""output_var_dims"": [""time"", ""plev"", ""lat"", ""lon""], ""output_var_dtype"": ""float32"", ""output_var_shape"": [240, 19, 45, 90], ""x_axis_name"": ""lon"", ""y_axis_name"": ""lat""}, ""netcdf"": {""added_missing_bounds"": true, ""added_missing_bounds_axes"": [""X"", ""Y""], ""backend"": ""netcdf"", ""dropped_non_dim_coords"": [], ""output_var_dims"": [""time"", ""plev"", ""lat"", ""lon""], ""output_var_dtype"": ""float32"", ""output_var_shape"": [240, 19, 45, 90], ""x_axis_name"": ""lon"", ""y_axis_name"": ""lat""}}, ""data"": {""left_dims"": [""time"", ""plev"", ""lat"", ""lon""], ""left_dtype"": ""float32"", ""left_shape"": [240, 19, 45, 90], ""max_abs_diff"": 0.0, ""max_rel_diff"": 0.0, ""mismatch_mask"": null, ""nan_mismatch_count"": 0, ""right_dims"": [""time"", ""plev"", ""lat"", ""lon""], ""right_dtype"": ""float32"", ""right_shape"": [240, 19, 45, 90]}, ""kerchunk_file_exists"": true, ""missing_netcdf_files"": [], ""netcdf_file_count_resolved"": 50, ""operation"": ""horizontal"", ""operation_config"": {""method"": ""bilinear"", ""target_grid"": {""lat_name"": ""lat"", ""lat_start"": -88, ""lat_step"": 4, ""lat_stop"": 88, ""lon_name"": ""lon"", ""lon_start"": 2, ""lon_step"": 4, ""lon_stop"": 358}, ""tool"": ""xesmf""}, ""output_axes"": {""axis_mismatch_reasons"": [], ""axis_resolution_errors"": {}, ""ignored_symmetric_axis_resolution_errors"": {}}, ""source_axes"": {""axis_mismatch_reasons"": [], ""axis_resolution_errors"": {}, ""ignored_symmetric_axis_resolution_errors"": {}}, ""structure"": {""coord_value_mismatches"": {}, ""extra_coord_names_in_kerchunk"": [], ""kerchunk_coord_names"": [""lat"", ""lon"", ""plev"", ""time""], ""kerchunk_dims"": [""time"", ""plev"", ""lat"", ""lon""], ""kerchunk_dtype"": ""float32"", ""kerchunk_shape"": [240, 19, 45, 90], ""missing_coord_names_in_kerchunk"": [], ""netcdf_coord_names"": [""lat"", ""lon"", ""plev"", ""time""], ""netcdf_dims"": [""time"", ""plev"", ""lat"", ""lon""], ""netcdf_dtype"": ""float32"", ""netcdf_shape"": [240, 19, 45, 90]}}"
CMIP6.CMIP.HAMMOZ-Consortium.MPI-ESM-1-2-HAM.piControl.r1i1p1f1.Amon.hur.gn.kerchunk.json::spatial,CMIP6.CMIP.HAMMOZ-Consortium.MPI-ESM-1-2-HAM.piControl.r1i1p1f1.Amon.hur.gn.kerchunk.json,/global/cfs/projectdirs/m4931/gsharing/css03_data/CMIP6/CMIP/HAMMOZ-Consortium/MPI-ESM-1-2-HAM/piControl/r1i1p1f1/Amon/hur/gn/v20200120,/global/cfs/projectdirs/m4931/kerchunk/hur/piControl/mon/CMIP6.CMIP.HAMMOZ-Consortium.MPI-ESM-1-2-HAM.piControl.r1i1p1f1.Amon.hur.gn.kerchunk.json,Amon,hur,50,50-99,1,spatial,"{""axis"": [""X"", ""Y""], ""weights"": ""generate""}",ok,,,,True,True,True,True,True,1e-06,1e-08,0.0,0.0,0.0,0.0,0.0,time,time,lat,lat,lon,lon,plev,plev,True,[],,"{""backend_execution"": {""kerchunk"": {""added_missing_bounds"": true, ""added_missing_bounds_axes"": [""X"", ""Y""], ""backend"": ""kerchunk"", ""dropped_non_dim_coords"": [], ""output_var_dims"": [""time"", ""plev""], ""output_var_dtype"": ""float64"", ""output_var_shape"": [240, 19], ""x_axis_name"": ""lon"", ""y_axis_name"": ""lat""}, ""netcdf"": {""added_missing_bounds"": true, ""added_missing_bounds_axes"": [""X"", ""Y""], ""backend"": ""netcdf"", ""dropped_non_dim_coords"": [], ""output_var_dims"": [""time"", ""plev""], ""output_var_dtype"": ""float64"", ""output_var_shape"": [240, 19], ""x_axis_name"": ""lon"", ""y_axis_name"": ""lat""}}, ""data"": {""left_dims"": [""time"", ""plev""], ""left_dtype"": ""float64"", ""left_shape"": [240, 19], ""max_abs_diff"": 0.0, ""max_rel_diff"": 0.0, ""mismatch_mask"": null, ""nan_mismatch_count"": 0, ""right_dims"": [""time"", ""plev""], ""right_dtype"": ""float64"", ""right_shape"": [240, 19]}, ""kerchunk_file_exists"": true, ""missing_netcdf_files"": [], ""netcdf_file_count_resolved"": 50, ""operation"": ""spatial"", ""operation_config"": {""axis"": [""X"", ""Y""], ""weights"": ""generate""}, ""output_axes"": {""axis_mismatch_reasons"": [], ""axis_resolution_errors"": {}, ""ignored_symmetric_axis_resolution_errors"": {}}, ""source_axes"": {""axis_mismatch_reasons"": [], ""axis_resolution_errors"": {}, ""ignored_symmetric_axis_resolution_errors"": {}}, ""structure"": {""coord_value_mismatches"": {}, ""extra_coord_names_in_kerchunk"": [], ""kerchunk_coord_names"": [""plev"", ""time""], ""kerchunk_dims"": [""time"", ""plev""], ""kerchunk_dtype"": ""float64"", ""kerchunk_shape"": [240, 19], ""missing_coord_names_in_kerchunk"": [], ""netcdf_coord_names"": [""plev"", ""time""], ""netcdf_dims"": [""time"", ""plev""], ""netcdf_dtype"": ""float64"", ""netcdf_shape"": [240, 19]}}"
CMIP6.CMIP.HAMMOZ-Consortium.MPI-ESM-1-2-HAM.piControl.r1i1p1f1.Amon.hur.gn.kerchunk.json::temporal,CMIP6.CMIP.HAMMOZ-Consortium.MPI-ESM-1-2-HAM.piControl.r1i1p1f1.Amon.hur.gn.kerchunk.json,/global/cfs/projectdirs/m4931/gsharing/css03_data/CMIP6/CMIP/HAMMOZ-Consortium/MPI-ESM-1-2-HAM/piControl/r1i1p1f1/Amon/hur/gn/v20200120,/global/cfs/projectdirs/m4931/kerchunk/hur/piControl/mon/CMIP6.CMIP.HAMMOZ-Consortium.MPI-ESM-1-2-HAM.piControl.r1i1p1f1.Amon.hur.gn.kerchunk.json,Amon,hur,50,50-99,1,temporal,"{""freq"": ""year""}",ok,,,,True,True,True,True,True,1e-06,1e-08,0.0,0.0,0.0,0.0,0.0,time,time,lat,lat,lon,lon,plev,plev,True,[],,"{""backend_execution"": {""kerchunk"": {""added_missing_bounds"": false, ""backend"": ""kerchunk"", ""dropped_non_dim_coords"": [], ""output_var_dims"": [""time"", ""plev"", ""lat"", ""lon""], ""output_var_dtype"": ""float64"", ""output_var_shape"": [20, 19, 96, 192], ""time_axis_name"": ""time""}, ""netcdf"": {""added_missing_bounds"": false, ""backend"": ""netcdf"", ""dropped_non_dim_coords"": [], ""output_var_dims"": [""time"", ""plev"", ""lat"", ""lon""], ""output_var_dtype"": ""float64"", ""output_var_shape"": [20, 19, 96, 192], ""time_axis_name"": ""time""}}, ""data"": {""left_dims"": [""time"", ""plev"", ""lat"", ""lon""], ""left_dtype"": ""float64"", ""left_shape"": [20, 19, 96, 192], ""max_abs_diff"": 0.0, ""max_rel_diff"": 0.0, ""mismatch_mask"": null, ""nan_mismatch_count"": 0, ""right_dims"": [""time"", ""plev"", ""lat"", ""lon""], ""right_dtype"": ""float64"", ""right_shape"": [20, 19, 96, 192]}, ""kerchunk_file_exists"": true, ""missing_netcdf_files"": [], ""netcdf_file_count_resolved"": 50, ""operation"": ""temporal"", ""operation_config"": {""freq"": ""year""}, ""output_axes"": {""axis_mismatch_reasons"": [], ""axis_resolution_errors"": {}, ""ignored_symmetric_axis_resolution_errors"": {}}, ""source_axes"": {""axis_mismatch_reasons"": [], ""axis_resolution_errors"": {}, ""ignored_symmetric_axis_resolution_errors"": {}}, ""structure"": {""coord_value_mismatches"": {}, ""extra_coord_names_in_kerchunk"": [], ""kerchunk_coord_names"": [""lat"", ""lon"", ""plev"", ""time""], ""kerchunk_dims"": [""time"", ""plev"", ""lat"", ""lon""], ""kerchunk_dtype"": ""float64"", ""kerchunk_shape"": [20, 19, 96, 192], ""missing_coord_names_in_kerchunk"": [], ""netcdf_coord_names"": [""lat"", ""lon"", ""plev"", ""time""], ""netcdf_dims"": [""time"", ""plev"", ""lat"", ""lon""], ""netcdf_dtype"": ""float64"", ""netcdf_shape"": [20, 19, 96, 192]}}"
CMIP6.CMIP.HAMMOZ-Consortium.MPI-ESM-1-2-HAM.piControl.r1i1p1f1.Amon.hur.gn.kerchunk.json::vertical,CMIP6.CMIP.HAMMOZ-Consortium.MPI-ESM-1-2-HAM.piControl.r1i1p1f1.Amon.hur.gn.kerchunk.json,/global/cfs/projectdirs/m4931/gsharing/css03_data/CMIP6/CMIP/HAMMOZ-Consortium/MPI-ESM-1-2-HAM/piControl/r1i1p1f1/Amon/hur/gn/v20200120,/global/cfs/projectdirs/m4931/kerchunk/hur/piControl/mon/CMIP6.CMIP.HAMMOZ-Consortium.MPI-ESM-1-2-HAM.piControl.r1i1p1f1.Amon.hur.gn.kerchunk.json,Amon,hur,50,50-99,1,vertical,"{""method"": ""log"", ""target_plevs_pa"": [100000, 92500, 85000, 75000, 70000, 60000, 50000, 40000, 30000, 25000, 20000, 15000, 10000, 7000, 5000, 3000, 1000, 500, 300, 100], ""tool"": ""xgcm""}",ok,,,,True,True,True,True,True,1e-06,1e-08,0.0,0.0,0.0,0.0,0.0,time,time,lat,lat,lon,lon,lev,lev,True,[],,"{""backend_execution"": {""kerchunk"": {""added_missing_bounds"": true, ""added_missing_bounds_axes"": [""Z""], ""backend"": ""kerchunk"", ""output_var_dims"": [""time"", ""lev"", ""lat"", ""lon""], ""output_var_dtype"": ""float64"", ""output_var_shape"": [240, 20, 96, 192], ""vertical_kwargs"": {""tool"": ""xgcm""}, ""z_axis_name"": ""plev""}, ""netcdf"": {""added_missing_bounds"": true, ""added_missing_bounds_axes"": [""Z""], ""backend"": ""netcdf"", ""output_var_dims"": [""time"", ""lev"", ""lat"", ""lon""], ""output_var_dtype"": ""float64"", ""output_var_shape"": [240, 20, 96, 192], ""vertical_kwargs"": {""tool"": ""xgcm""}, ""z_axis_name"": ""plev""}}, ""data"": {""left_dims"": [""time"", ""lev"", ""lat"", ""lon""], ""left_dtype"": ""float64"", ""left_shape"": [240, 20, 96, 192], ""max_abs_diff"": 0.0, ""max_rel_diff"": 0.0, ""mismatch_mask"": null, ""nan_mismatch_count"": 0, ""right_dims"": [""time"", ""lev"", ""lat"", ""lon""], ""right_dtype"": ""float64"", ""right_shape"": [240, 20, 96, 192]}, ""kerchunk_file_exists"": true, ""missing_netcdf_files"": [], ""netcdf_file_count_resolved"": 50, ""operation"": ""vertical"", ""operation_config"": {""method"": ""log"", ""target_plevs_pa"": [100000, 92500, 85000, 75000, 70000, 60000, 50000, 40000, 30000, 25000, 20000, 15000, 10000, 7000, 5000, 3000, 1000, 500, 300, 100], ""tool"": ""xgcm""}, ""output_axes"": {""axis_mismatch_reasons"": [], ""axis_resolution_errors"": {}, ""ignored_symmetric_axis_resolution_errors"": {}}, ""source_axes"": {""axis_mismatch_reasons"": [], ""axis_resolution_errors"": {}, ""ignored_symmetric_axis_resolution_errors"": {}}, ""structure"": {""coord_value_mismatches"": {}, ""extra_coord_names_in_kerchunk"": [], ""kerchunk_coord_names"": [""lat"", ""lev"", ""lon"", ""time""], ""kerchunk_dims"": [""time"", ""lev"", ""lat"", ""lon""], ""kerchunk_dtype"": ""float64"", ""kerchunk_shape"": [240, 20, 96, 192], ""missing_coord_names_in_kerchunk"": [], ""netcdf_coord_names"": [""lat"", ""lev"", ""lon"", ""time""], ""netcdf_dims"": [""time"", ""lev"", ""lat"", ""lon""], ""netcdf_dtype"": ""float64"", ""netcdf_shape"": [240, 20, 96, 192]}}"
CMIP6.CMIP.NCC.NorESM2-LM.abrupt-4xCO2.r1i1p1f1.Amon.huss.gn.kerchunk.json::horizontal,CMIP6.CMIP.NCC.NorESM2-LM.abrupt-4xCO2.r1i1p1f1.Amon.huss.gn.kerchunk.json,/global/cfs/projectdirs/m4931/gsharing/css03_data/CMIP6/CMIP/NCC/NorESM2-LM/abrupt-4xCO2/r1i1p1f1/Amon/huss/gn/v20210118,/global/cfs/projectdirs/m4931/kerchunk/huss/abrupt-4xCO2/mon/CMIP6.CMIP.NCC.NorESM2-LM.abrupt-4xCO2.r1i1p1f1.Amon.huss.gn.kerchunk.json,Amon,huss,50,50-99,4,horizontal,"{""method"": ""bilinear"", ""target_grid"": {""lat_name"": ""lat"", ""lat_start"": -88, ""lat_step"": 4, ""lat_stop"": 88, ""lon_name"": ""lon"", ""lon_start"": 2, ""lon_step"": 4, ""lon_stop"": 358}, ""tool"": ""xesmf""}",ok,,,,True,True,True,True,True,1e-06,1e-08,0.0,0.0,0.0,0.0,0.0,time,time,lat,lat,lon,lon,,,True,[],,"{""backend_execution"": {""kerchunk"": {""added_missing_bounds"": true, ""added_missing_bounds_axes"": [""X"", ""Y""], ""backend"": ""kerchunk"", ""dropped_non_dim_coords"": [""height""], ""output_var_dims"": [""time"", ""lat"", ""lon""], ""output_var_dtype"": ""float32"", ""output_var_shape"": [240, 45, 90], ""x_axis_name"": ""lon"", ""y_axis_name"": ""lat""}, ""netcdf"": {""added_missing_bounds"": true, ""added_missing_bounds_axes"": [""X"", ""Y""], ""backend"": ""netcdf"", ""dropped_non_dim_coords"": [""height""], ""output_var_dims"": [""time"", ""lat"", ""lon""], ""output_var_dtype"": ""float32"", ""output_var_shape"": [240, 45, 90], ""x_axis_name"": ""lon"", ""y_axis_name"": ""lat""}}, ""data"": {""left_dims"": [""time"", ""lat"", ""lon""], ""left_dtype"": ""float32"", ""left_shape"": [240, 45, 90], ""max_abs_diff"": 0.0, ""max_rel_diff"": 0.0, ""mismatch_mask"": null, ""nan_mismatch_count"": 0, ""right_dims"": [""time"", ""lat"", ""lon""], ""right_dtype"": ""float32"", ""right_shape"": [240, 45, 90]}, ""kerchunk_file_exists"": true, ""missing_netcdf_files"": [], ""netcdf_file_count_resolved"": 50, ""operation"": ""horizontal"", ""operation_config"": {""method"": ""bilinear"", ""target_grid"": {""lat_name"": ""lat"", ""lat_start"": -88, ""lat_step"": 4, ""lat_stop"": 88, ""lon_name"": ""lon"", ""lon_start"": 2, ""lon_step"": 4, ""lon_stop"": 358}, ""tool"": ""xesmf""}, ""output_axes"": {""axis_mismatch_reasons"": [], ""axis_resolution_errors"": {}, ""ignored_symmetric_axis_resolution_errors"": {""Z"": {""kerchunk"": ""KeyError: \""No 'Z' axis dimension coordinate variables were found in the xarray object. Make sure dimension coordinate variables exist, they are one dimensional, and their CF 'axis' or 'standard_name' attrs are correctly set.\"""", ""netcdf"": ""KeyError: \""No 'Z' axis dimension coordinate variables were found in the xarray object. Make sure dimension coordinate variables exist, they are one dimensional, and their CF 'axis' or 'standard_name' attrs are correctly set.\""""}}}, ""source_axes"": {""axis_mismatch_reasons"": [], ""axis_resolution_errors"": {}, ""ignored_symmetric_axis_resolution_errors"": {""Z"": {""kerchunk"": ""KeyError: \""No 'Z' axis dimension coordinate variables were found in the xarray object. Make sure dimension coordinate variables exist, they are one dimensional, and their CF 'axis' or 'standard_name' attrs are correctly set.\"""", ""netcdf"": ""KeyError: \""No 'Z' axis dimension coordinate variables were found in the xarray object. Make sure dimension coordinate variables exist, they are one dimensional, and their CF 'axis' or 'standard_name' attrs are correctly set.\""""}}}, ""structure"": {""coord_value_mismatches"": {}, ""extra_coord_names_in_kerchunk"": [], ""kerchunk_coord_names"": [""lat"", ""lon"", ""time""], ""kerchunk_dims"": [""time"", ""lat"", ""lon""], ""kerchunk_dtype"": ""float32"", ""kerchunk_shape"": [240, 45, 90], ""missing_coord_names_in_kerchunk"": [], ""netcdf_coord_names"": [""lat"", ""lon"", ""time""], ""netcdf_dims"": [""time"", ""lat"", ""lon""], ""netcdf_dtype"": ""float32"", ""netcdf_shape"": [240, 45, 90]}}"
CMIP6.CMIP.NCC.NorESM2-LM.abrupt-4xCO2.r1i1p1f1.Amon.huss.gn.kerchunk.json::spatial,CMIP6.CMIP.NCC.NorESM2-LM.abrupt-4xCO2.r1i1p1f1.Amon.huss.gn.kerchunk.json,/global/cfs/projectdirs/m4931/gsharing/css03_data/CMIP6/CMIP/NCC/NorESM2-LM/abrupt-4xCO2/r1i1p1f1/Amon/huss/gn/v20210118,/global/cfs/projectdirs/m4931/kerchunk/huss/abrupt-4xCO2/mon/CMIP6.CMIP.NCC.NorESM2-LM.abrupt-4xCO2.r1i1p1f1.Amon.huss.gn.kerchunk.json,Amon,huss,50,50-99,4,spatial,"{""axis"": [""X"", ""Y""], ""weights"": ""generate""}",ok,,,,True,True,True,True,True,1e-06,1e-08,0.0,0.0,0.0,0.0,0.0,time,time,lat,lat,lon,lon,,,True,[],,"{""backend_execution"": {""kerchunk"": {""added_missing_bounds"": true, ""added_missing_bounds_axes"": [""X"", ""Y""], ""backend"": ""kerchunk"", ""dropped_non_dim_coords"": [""height""], ""output_var_dims"": [""time""], ""output_var_dtype"": ""float64"", ""output_var_shape"": [240], ""x_axis_name"": ""lon"", ""y_axis_name"": ""lat""}, ""netcdf"": {""added_missing_bounds"": true, ""added_missing_bounds_axes"": [""X"", ""Y""], ""backend"": ""netcdf"", ""dropped_non_dim_coords"": [""height""], ""output_var_dims"": [""time""], ""output_var_dtype"": ""float64"", ""output_var_shape"": [240], ""x_axis_name"": ""lon"", ""y_axis_name"": ""lat""}}, ""data"": {""left_dims"": [""time""], ""left_dtype"": ""float64"", ""left_shape"": [240], ""max_abs_diff"": 0.0, ""max_rel_diff"": 0.0, ""mismatch_mask"": null, ""nan_mismatch_count"": 0, ""right_dims"": [""time""], ""right_dtype"": ""float64"", ""right_shape"": [240]}, ""kerchunk_file_exists"": true, ""missing_netcdf_files"": [], ""netcdf_file_count_resolved"": 50, ""operation"": ""spatial"", ""operation_config"": {""axis"": [""X"", ""Y""], ""weights"": ""generate""}, ""output_axes"": {""axis_mismatch_reasons"": [], ""axis_resolution_errors"": {}, ""ignored_symmetric_axis_resolution_errors"": {""Z"": {""kerchunk"": ""KeyError: \""No 'Z' axis dimension coordinate variables were found in the xarray object. Make sure dimension coordinate variables exist, they are one dimensional, and their CF 'axis' or 'standard_name' attrs are correctly set.\"""", ""netcdf"": ""KeyError: \""No 'Z' axis dimension coordinate variables were found in the xarray object. Make sure dimension coordinate variables exist, they are one dimensional, and their CF 'axis' or 'standard_name' attrs are correctly set.\""""}}}, ""source_axes"": {""axis_mismatch_reasons"": [], ""axis_resolution_errors"": {}, ""ignored_symmetric_axis_resolution_errors"": {""Z"": {""kerchunk"": ""KeyError: \""No 'Z' axis dimension coordinate variables were found in the xarray object. Make sure dimension coordinate variables exist, they are one dimensional, and their CF 'axis' or 'standard_name' attrs are correctly set.\"""", ""netcdf"": ""KeyError: \""No 'Z' axis dimension coordinate variables were found in the xarray object. Make sure dimension coordinate variables exist, they are one dimensional, and their CF 'axis' or 'standard_name' attrs are correctly set.\""""}}}, ""structure"": {""coord_value_mismatches"": {}, ""extra_coord_names_in_kerchunk"": [], ""kerchunk_coord_names"": [""time""], ""kerchunk_dims"": [""time""], ""kerchunk_dtype"": ""float64"", ""kerchunk_shape"": [240], ""missing_coord_names_in_kerchunk"": [], ""netcdf_coord_names"": [""time""], ""netcdf_dims"": [""time""], ""netcdf_dtype"": ""float64"", ""netcdf_shape"": [240]}}"
CMIP6.CMIP.NCC.NorESM2-LM.abrupt-4xCO2.r1i1p1f1.Amon.huss.gn.kerchunk.json::temporal,CMIP6.CMIP.NCC.NorESM2-LM.abrupt-4xCO2.r1i1p1f1.Amon.huss.gn.kerchunk.json,/global/cfs/projectdirs/m4931/gsharing/css03_data/CMIP6/CMIP/NCC/NorESM2-LM/abrupt-4xCO2/r1i1p1f1/Amon/huss/gn/v20210118,/global/cfs/projectdirs/m4931/kerchunk/huss/abrupt-4xCO2/mon/CMIP6.CMIP.NCC.NorESM2-LM.abrupt-4xCO2.r1i1p1f1.Amon.huss.gn.kerchunk.json,Amon,huss,50,50-99,4,temporal,"{""freq"": ""year""}",ok,,,,True,True,True,True,True,1e-06,1e-08,0.0,0.0,0.0,0.0,0.0,time,time,lat,lat,lon,lon,,,True,[],,"{""backend_execution"": {""kerchunk"": {""added_missing_bounds"": false, ""backend"": ""kerchunk"", ""dropped_non_dim_coords"": [""height""], ""output_var_dims"": [""time"", ""lat"", ""lon""], ""output_var_dtype"": ""float64"", ""output_var_shape"": [20, 96, 144], ""time_axis_name"": ""time""}, ""netcdf"": {""added_missing_bounds"": false, ""backend"": ""netcdf"", ""dropped_non_dim_coords"": [""height""], ""output_var_dims"": [""time"", ""lat"", ""lon""], ""output_var_dtype"": ""float64"", ""output_var_shape"": [20, 96, 144], ""time_axis_name"": ""time""}}, ""data"": {""left_dims"": [""time"", ""lat"", ""lon""], ""left_dtype"": ""float64"", ""left_shape"": [20, 96, 144], ""max_abs_diff"": 0.0, ""max_rel_diff"": 0.0, ""mismatch_mask"": null, ""nan_mismatch_count"": 0, ""right_dims"": [""time"", ""lat"", ""lon""], ""right_dtype"": ""float64"", ""right_shape"": [20, 96, 144]}, ""kerchunk_file_exists"": true, ""missing_netcdf_files"": [], ""netcdf_file_count_resolved"": 50, ""operation"": ""temporal"", ""operation_config"": {""freq"": ""year""}, ""output_axes"": {""axis_mismatch_reasons"": [], ""axis_resolution_errors"": {}, ""ignored_symmetric_axis_resolution_errors"": {""Z"": {""kerchunk"": ""KeyError: \""No 'Z' axis dimension coordinate variables were found in the xarray object. Make sure dimension coordinate variables exist, they are one dimensional, and their CF 'axis' or 'standard_name' attrs are correctly set.\"""", ""netcdf"": ""KeyError: \""No 'Z' axis dimension coordinate variables were found in the xarray object. Make sure dimension coordinate variables exist, they are one dimensional, and their CF 'axis' or 'standard_name' attrs are correctly set.\""""}}}, ""source_axes"": {""axis_mismatch_reasons"": [], ""axis_resolution_errors"": {}, ""ignored_symmetric_axis_resolution_errors"": {""Z"": {""kerchunk"": ""KeyError: \""No 'Z' axis dimension coordinate variables were found in the xarray object. Make sure dimension coordinate variables exist, they are one dimensional, and their CF 'axis' or 'standard_name' attrs are correctly set.\"""", ""netcdf"": ""KeyError: \""No 'Z' axis dimension coordinate variables were found in the xarray object. Make sure dimension coordinate variables exist, they are one dimensional, and their CF 'axis' or 'standard_name' attrs are correctly set.\""""}}}, ""structure"": {""coord_value_mismatches"": {}, ""extra_coord_names_in_kerchunk"": [], ""kerchunk_coord_names"": [""lat"", ""lon"", ""time""], ""kerchunk_dims"": [""time"", ""lat"", ""lon""], ""kerchunk_dtype"": ""float64"", ""kerchunk_shape"": [20, 96, 144], ""missing_coord_names_in_kerchunk"": [], ""netcdf_coord_names"": [""lat"", ""lon"", ""time""], ""netcdf_dims"": [""time"", ""lat"", ""lon""], ""netcdf_dtype"": ""float64"", ""netcdf_shape"": [20, 96, 144]}}"
CMIP6.CMIP.NCC.NorESM2-LM.abrupt-4xCO2.r1i1p1f1.Amon.huss.gn.kerchunk.json::vertical,CMIP6.CMIP.NCC.NorESM2-LM.abrupt-4xCO2.r1i1p1f1.Amon.huss.gn.kerchunk.json,/global/cfs/projectdirs/m4931/gsharing/css03_data/CMIP6/CMIP/NCC/NorESM2-LM/abrupt-4xCO2/r1i1p1f1/Amon/huss/gn/v20210118,/global/cfs/projectdirs/m4931/kerchunk/huss/abrupt-4xCO2/mon/CMIP6.CMIP.NCC.NorESM2-LM.abrupt-4xCO2.r1i1p1f1.Amon.huss.gn.kerchunk.json,Amon,huss,50,50-99,4,vertical,"{""method"": ""log"", ""target_plevs_pa"": [100000, 92500, 85000, 75000, 70000, 60000, 50000, 40000, 30000, 25000, 20000, 15000, 10000, 7000, 5000, 3000, 1000, 500, 300, 100], ""tool"": ""xgcm""}",skipped,missing_vertical_axis,,,,,,,,1e-06,1e-08,,,,,,,,,,,,,,False,"[""operation_not_applicable""]",operation_not_applicable,"{""backend_execution"": {""kerchunk"": {""backend"": ""kerchunk"", ""reason"": ""missing_vertical_axis"", ""z_axis_name"": null}, ""netcdf"": {""backend"": ""netcdf"", ""reason"": ""missing_vertical_axis"", ""z_axis_name"": null}}, ""kerchunk_file_exists"": true, ""missing_netcdf_files"": [], ""netcdf_file_count_resolved"": 50, ""operation"": ""vertical"", ""operation_config"": {""method"": ""log"", ""target_plevs_pa"": [100000, 92500, 85000, 75000, 70000, 60000, 50000, 40000, 30000, 25000, 20000, 15000, 10000, 7000, 5000, 3000, 1000, 500, 300, 100], ""tool"": ""xgcm""}, ""pair_resolution"": {""error_message"": null, ""error_type"": null, ""skip_reason"": ""missing_vertical_axis"", ""status"": ""skipped""}, ""source_axes"": {""axis_mismatch_reasons"": [], ""axis_resolution_errors"": {}, ""ignored_symmetric_axis_resolution_errors"": {""Z"": {""kerchunk"": ""KeyError: \""No 'Z' axis dimension coordinate variables were found in the xarray object. Make sure dimension coordinate variables exist, they are one dimensional, and their CF 'axis' or 'standard_name' attrs are correctly set.\"""", ""netcdf"": ""KeyError: \""No 'Z' axis dimension coordinate variables were found in the xarray object. Make sure dimension coordinate variables exist, they are one dimensional, and their CF 'axis' or 'standard_name' attrs are correctly set.\""""}}}}"
CMIP6.HighResMIP.ECMWF.ECMWF-IFS-HR.highresSST-present.r5i1p1f1.Amon.pr.gr.v20181119::horizontal,CMIP6.HighResMIP.ECMWF.ECMWF-IFS-HR.highresSST-present.r5i1p1f1.Amon.pr.gr.v20181119,/global/cfs/projectdirs/m4931/gsharing/css03_data/CMIP6/HighResMIP/ECMWF/ECMWF-IFS-HR/highresSST-present/r5i1p1f1/Amon/pr/gr/v20181119,/global/cfs/projectdirs/m4931/kerchunk/pr/highresSST-present/mon/CMIP6.HighResMIP.ECMWF.ECMWF-IFS-HR.highresSST-present.r5i1p1f1.Amon.pr.gr.v20181119.kerchunk.json,Amon,pr,50,50-99,5,horizontal,"{""method"": ""bilinear"", ""target_grid"": {""lat_name"": ""lat"", ""lat_start"": -88, ""lat_step"": 4, ""lat_stop"": 88, ""lon_name"": ""lon"", ""lon_start"": 2, ""lon_step"": 4, ""lon_stop"": 358}, ""tool"": ""xesmf""}",ok,,,,False,True,True,False,False,1e-06,1e-08,965770.0,99.35905349794238,0.0006744196289218962,454259.0625,315900.0,time,time,lat,lat,lon,lon,,,False,"[""coordinate_mismatch"", ""data_mismatch""]",coordinate_mismatch,"{""backend_execution"": {""kerchunk"": {""added_missing_bounds"": true, ""added_missing_bounds_axes"": [""X"", ""Y""], ""backend"": ""kerchunk"", ""dropped_non_dim_coords"": [], ""output_var_dims"": [""time"", ""lat"", ""lon""], ""output_var_dtype"": ""float32"", ""output_var_shape"": [240, 45, 90], ""x_axis_name"": ""lon"", ""y_axis_name"": ""lat""}, ""netcdf"": {""added_missing_bounds"": true, ""added_missing_bounds_axes"": [""X"", ""Y""], ""backend"": ""netcdf"", ""dropped_non_dim_coords"": [], ""output_var_dims"": [""time"", ""lat"", ""lon""], ""output_var_dtype"": ""float32"", ""output_var_shape"": [240, 45, 90], ""x_axis_name"": ""lon"", ""y_axis_name"": ""lat""}}, ""data"": {""first_mismatch"": {""index"": [0, 0, 0], ""left"": 7.438118814206973e-07, ""right"": 3.443111893375317e-07}, ""left_dims"": [""time"", ""lat"", ""lon""], ""left_dtype"": ""float32"", ""left_shape"": [240, 45, 90], ""max_abs_diff"": 0.0006744196289218962, ""max_rel_diff"": 454259.0625, ""mismatch_mask"": null, ""nan_mismatch_count"": 315900, ""reason"": ""numeric values differ beyond tolerance"", ""right_dims"": [""time"", ""lat"", ""lon""], ""right_dtype"": ""float32"", ""right_shape"": [240, 45, 90]}, ""kerchunk_file_exists"": true, ""missing_netcdf_files"": [], ""netcdf_file_count_resolved"": 50, ""operation"": ""horizontal"", ""operation_config"": {""method"": ""bilinear"", ""target_grid"": {""lat_name"": ""lat"", ""lat_start"": -88, ""lat_step"": 4, ""lat_stop"": 88, ""lon_name"": ""lon"", ""lon_start"": 2, ""lon_step"": 4, ""lon_stop"": 358}, ""tool"": ""xesmf""}, ""output_axes"": {""axis_mismatch_reasons"": [], ""axis_resolution_errors"": {}, ""ignored_symmetric_axis_resolution_errors"": {""Z"": {""kerchunk"": ""KeyError: \""No 'Z' axis dimension coordinate variables were found in the xarray object. Make sure dimension coordinate variables exist, they are one dimensional, and their CF 'axis' or 'standard_name' attrs are correctly set.\"""", ""netcdf"": ""KeyError: \""No 'Z' axis dimension coordinate variables were found in the xarray object. Make sure dimension coordinate variables exist, they are one dimensional, and their CF 'axis' or 'standard_name' attrs are correctly set.\""""}}}, ""source_axes"": {""axis_mismatch_reasons"": [], ""axis_resolution_errors"": {}, ""ignored_symmetric_axis_resolution_errors"": {""Z"": {""kerchunk"": ""KeyError: \""No 'Z' axis dimension coordinate variables were found in the xarray object. Make sure dimension coordinate variables exist, they are one dimensional, and their CF 'axis' or 'standard_name' attrs are correctly set.\"""", ""netcdf"": ""KeyError: \""No 'Z' axis dimension coordinate variables were found in the xarray object. Make sure dimension coordinate variables exist, they are one dimensional, and their CF 'axis' or 'standard_name' attrs are correctly set.\""""}}}, ""structure"": {""coord_value_mismatches"": {""time"": {""first_mismatch"": {""flat_index"": 0, ""left"": ""1950-01-16 12:00:00"", ""right"": ""1951-01-16 12:00:00""}, ""left_dims"": [""time""], ""left_dtype"": ""object"", ""left_shape"": [240], ""reason"": ""non-numeric values differ"", ""right_dims"": [""time""], ""right_dtype"": ""object"", ""right_shape"": [240]}}, ""extra_coord_names_in_kerchunk"": [], ""kerchunk_coord_names"": [""lat"", ""lon"", ""time""], ""kerchunk_dims"": [""time"", ""lat"", ""lon""], ""kerchunk_dtype"": ""float32"", ""kerchunk_shape"": [240, 45, 90], ""missing_coord_names_in_kerchunk"": [], ""netcdf_coord_names"": [""lat"", ""lon"", ""time""], ""netcdf_dims"": [""time"", ""lat"", ""lon""], ""netcdf_dtype"": ""float32"", ""netcdf_shape"": [240, 45, 90]}}"
CMIP6.HighResMIP.ECMWF.ECMWF-IFS-HR.highresSST-present.r5i1p1f1.Amon.pr.gr.v20181119::spatial,CMIP6.HighResMIP.ECMWF.ECMWF-IFS-HR.highresSST-present.r5i1p1f1.Amon.pr.gr.v20181119,/global/cfs/projectdirs/m4931/gsharing/css03_data/CMIP6/HighResMIP/ECMWF/ECMWF-IFS-HR/highresSST-present/r5i1p1f1/Amon/pr/gr/v20181119,/global/cfs/projectdirs/m4931/kerchunk/pr/highresSST-present/mon/CMIP6.HighResMIP.ECMWF.ECMWF-IFS-HR.highresSST-present.r5i1p1f1.Amon.pr.gr.v20181119.kerchunk.json,Amon,pr,50,50-99,5,spatial,"{""axis"": [""X"", ""Y""], ""weights"": ""generate""}",ok,,,,False,True,True,False,False,1e-06,1e-08,240.0,100.0,2.5335769050407314e-06,0.0749420825783765,78.0,time,time,lat,lat,lon,lon,,,False,"[""coordinate_mismatch"", ""data_mismatch""]",coordinate_mismatch,"{""backend_execution"": {""kerchunk"": {""added_missing_bounds"": true, ""added_missing_bounds_axes"": [""X"", ""Y""], ""backend"": ""kerchunk"", ""dropped_non_dim_coords"": [], ""output_var_dims"": [""time""], ""output_var_dtype"": ""float64"", ""output_var_shape"": [240], ""x_axis_name"": ""lon"", ""y_axis_name"": ""lat""}, ""netcdf"": {""added_missing_bounds"": true, ""added_missing_bounds_axes"": [""X"", ""Y""], ""backend"": ""netcdf"", ""dropped_non_dim_coords"": [], ""output_var_dims"": [""time""], ""output_var_dtype"": ""float64"", ""output_var_shape"": [240], ""x_axis_name"": ""lon"", ""y_axis_name"": ""lat""}}, ""data"": {""first_mismatch"": {""index"": [0], ""left"": 3.494860733644326e-05, ""right"": 3.492358564264447e-05}, ""left_dims"": [""time""], ""left_dtype"": ""float64"", ""left_shape"": [240], ""max_abs_diff"": 2.5335769050407314e-06, ""max_rel_diff"": 0.0749420825783765, ""mismatch_mask"": null, ""nan_mismatch_count"": 78, ""reason"": ""numeric values differ beyond tolerance"", ""right_dims"": [""time""], ""right_dtype"": ""float64"", ""right_shape"": [240]}, ""kerchunk_file_exists"": true, ""missing_netcdf_files"": [], ""netcdf_file_count_resolved"": 50, ""operation"": ""spatial"", ""operation_config"": {""axis"": [""X"", ""Y""], ""weights"": ""generate""}, ""output_axes"": {""axis_mismatch_reasons"": [], ""axis_resolution_errors"": {}, ""ignored_symmetric_axis_resolution_errors"": {""Z"": {""kerchunk"": ""KeyError: \""No 'Z' axis dimension coordinate variables were found in the xarray object. Make sure dimension coordinate variables exist, they are one dimensional, and their CF 'axis' or 'standard_name' attrs are correctly set.\"""", ""netcdf"": ""KeyError: \""No 'Z' axis dimension coordinate variables were found in the xarray object. Make sure dimension coordinate variables exist, they are one dimensional, and their CF 'axis' or 'standard_name' attrs are correctly set.\""""}}}, ""source_axes"": {""axis_mismatch_reasons"": [], ""axis_resolution_errors"": {}, ""ignored_symmetric_axis_resolution_errors"": {""Z"": {""kerchunk"": ""KeyError: \""No 'Z' axis dimension coordinate variables were found in the xarray object. Make sure dimension coordinate variables exist, they are one dimensional, and their CF 'axis' or 'standard_name' attrs are correctly set.\"""", ""netcdf"": ""KeyError: \""No 'Z' axis dimension coordinate variables were found in the xarray object. Make sure dimension coordinate variables exist, they are one dimensional, and their CF 'axis' or 'standard_name' attrs are correctly set.\""""}}}, ""structure"": {""coord_value_mismatches"": {""time"": {""first_mismatch"": {""flat_index"": 0, ""left"": ""1950-01-16 12:00:00"", ""right"": ""1951-01-16 12:00:00""}, ""left_dims"": [""time""], ""left_dtype"": ""object"", ""left_shape"": [240], ""reason"": ""non-numeric values differ"", ""right_dims"": [""time""], ""right_dtype"": ""object"", ""right_shape"": [240]}}, ""extra_coord_names_in_kerchunk"": [], ""kerchunk_coord_names"": [""time""], ""kerchunk_dims"": [""time""], ""kerchunk_dtype"": ""float64"", ""kerchunk_shape"": [240], ""missing_coord_names_in_kerchunk"": [], ""netcdf_coord_names"": [""time""], ""netcdf_dims"": [""time""], ""netcdf_dtype"": ""float64"", ""netcdf_shape"": [240]}}"
CMIP6.HighResMIP.ECMWF.ECMWF-IFS-HR.highresSST-present.r5i1p1f1.Amon.pr.gr.v20181119::temporal,CMIP6.HighResMIP.ECMWF.ECMWF-IFS-HR.highresSST-present.r5i1p1f1.Amon.pr.gr.v20181119,/global/cfs/projectdirs/m4931/gsharing/css03_data/CMIP6/HighResMIP/ECMWF/ECMWF-IFS-HR/highresSST-present/r5i1p1f1/Amon/pr/gr/v20181119,/global/cfs/projectdirs/m4931/kerchunk/pr/highresSST-present/mon/CMIP6.HighResMIP.ECMWF.ECMWF-IFS-HR.highresSST-present.r5i1p1f1.Amon.pr.gr.v20181119.kerchunk.json,Amon,pr,50,50-99,5,temporal,"{""freq"": ""year""}",ok,,,,False,False,True,False,False,1e-06,1e-08,,,,,,time,time,lat,lat,lon,lon,,,False,"[""metadata_structure_mismatch"", ""coordinate_mismatch"", ""data_mismatch""]",metadata_structure_mismatch,"{""backend_execution"": {""kerchunk"": {""added_missing_bounds"": false, ""backend"": ""kerchunk"", ""dropped_non_dim_coords"": [], ""output_var_dims"": [""time"", ""lat"", ""lon""], ""output_var_dtype"": ""float64"", ""output_var_shape"": [13, 361, 720], ""time_axis_name"": ""time""}, ""netcdf"": {""added_missing_bounds"": false, ""backend"": ""netcdf"", ""dropped_non_dim_coords"": [], ""output_var_dims"": [""time"", ""lat"", ""lon""], ""output_var_dtype"": ""float64"", ""output_var_shape"": [20, 361, 720], ""time_axis_name"": ""time""}}, ""data"": {""left_dims"": [""time"", ""lat"", ""lon""], ""left_dtype"": ""float64"", ""left_shape"": [13, 361, 720], ""reason"": ""dimension or shape mismatch"", ""right_dims"": [""time"", ""lat"", ""lon""], ""right_dtype"": ""float64"", ""right_shape"": [20, 361, 720]}, ""kerchunk_file_exists"": true, ""missing_netcdf_files"": [], ""netcdf_file_count_resolved"": 50, ""operation"": ""temporal"", ""operation_config"": {""freq"": ""year""}, ""output_axes"": {""axis_mismatch_reasons"": [], ""axis_resolution_errors"": {}, ""ignored_symmetric_axis_resolution_errors"": {""Z"": {""kerchunk"": ""KeyError: \""No 'Z' axis dimension coordinate variables were found in the xarray object. Make sure dimension coordinate variables exist, they are one dimensional, and their CF 'axis' or 'standard_name' attrs are correctly set.\"""", ""netcdf"": ""KeyError: \""No 'Z' axis dimension coordinate variables were found in the xarray object. Make sure dimension coordinate variables exist, they are one dimensional, and their CF 'axis' or 'standard_name' attrs are correctly set.\""""}}}, ""source_axes"": {""axis_mismatch_reasons"": [], ""axis_resolution_errors"": {}, ""ignored_symmetric_axis_resolution_errors"": {""Z"": {""kerchunk"": ""KeyError: \""No 'Z' axis dimension coordinate variables were found in the xarray object. Make sure dimension coordinate variables exist, they are one dimensional, and their CF 'axis' or 'standard_name' attrs are correctly set.\"""", ""netcdf"": ""KeyError: \""No 'Z' axis dimension coordinate variables were found in the xarray object. Make sure dimension coordinate variables exist, they are one dimensional, and their CF 'axis' or 'standard_name' attrs are correctly set.\""""}}}, ""structure"": {""coord_value_mismatches"": {""time"": {""left_dims"": [""time""], ""left_dtype"": ""object"", ""left_shape"": [13], ""reason"": ""dimension or shape mismatch"", ""right_dims"": [""time""], ""right_dtype"": ""object"", ""right_shape"": [20]}}, ""extra_coord_names_in_kerchunk"": [], ""kerchunk_coord_names"": [""lat"", ""lon"", ""time""], ""kerchunk_dims"": [""time"", ""lat"", ""lon""], ""kerchunk_dtype"": ""float64"", ""kerchunk_shape"": [13, 361, 720], ""missing_coord_names_in_kerchunk"": [], ""netcdf_coord_names"": [""lat"", ""lon"", ""time""], ""netcdf_dims"": [""time"", ""lat"", ""lon""], ""netcdf_dtype"": ""float64"", ""netcdf_shape"": [20, 361, 720]}}"
CMIP6.HighResMIP.ECMWF.ECMWF-IFS-HR.highresSST-present.r5i1p1f1.Amon.pr.gr.v20181119::vertical,CMIP6.HighResMIP.ECMWF.ECMWF-IFS-HR.highresSST-present.r5i1p1f1.Amon.pr.gr.v20181119,/global/cfs/projectdirs/m4931/gsharing/css03_data/CMIP6/HighResMIP/ECMWF/ECMWF-IFS-HR/highresSST-present/r5i1p1f1/Amon/pr/gr/v20181119,/global/cfs/projectdirs/m4931/kerchunk/pr/highresSST-present/mon/CMIP6.HighResMIP.ECMWF.ECMWF-IFS-HR.highresSST-present.r5i1p1f1.Amon.pr.gr.v20181119.kerchunk.json,Amon,pr,50,50-99,5,vertical,"{""method"": ""log"", ""target_plevs_pa"": [100000, 92500, 85000, 75000, 70000, 60000, 50000, 40000, 30000, 25000, 20000, 15000, 10000, 7000, 5000, 3000, 1000, 500, 300, 100], ""tool"": ""xgcm""}",skipped,missing_vertical_axis,,,,,,,,1e-06,1e-08,,,,,,,,,,,,,,False,"[""operation_not_applicable""]",operation_not_applicable,"{""backend_execution"": {""kerchunk"": {""backend"": ""kerchunk"", ""reason"": ""missing_vertical_axis"", ""z_axis_name"": null}, ""netcdf"": {""backend"": ""netcdf"", ""reason"": ""missing_vertical_axis"", ""z_axis_name"": null}}, ""kerchunk_file_exists"": true, ""missing_netcdf_files"": [], ""netcdf_file_count_resolved"": 50, ""operation"": ""vertical"", ""operation_config"": {""method"": ""log"", ""target_plevs_pa"": [100000, 92500, 85000, 75000, 70000, 60000, 50000, 40000, 30000, 25000, 20000, 15000, 10000, 7000, 5000, 3000, 1000, 500, 300, 100], ""tool"": ""xgcm""}, ""pair_resolution"": {""error_message"": null, ""error_type"": null, ""skip_reason"": ""missing_vertical_axis"", ""status"": ""skipped""}, ""source_axes"": {""axis_mismatch_reasons"": [], ""axis_resolution_errors"": {}, ""ignored_symmetric_axis_resolution_errors"": {""Z"": {""kerchunk"": ""KeyError: \""No 'Z' axis dimension coordinate variables were found in the xarray object. Make sure dimension coordinate variables exist, they are one dimensional, and their CF 'axis' or 'standard_name' attrs are correctly set.\"""", ""netcdf"": ""KeyError: \""No 'Z' axis dimension coordinate variables were found in the xarray object. Make sure dimension coordinate variables exist, they are one dimensional, and their CF 'axis' or 'standard_name' attrs are correctly set.\""""}}}}"
CMIP6.HighResMIP.ECMWF.ECMWF-IFS-HR.hist-1950.r1i1p1f1.Amon.hus.gr.kerchunk.json::horizontal,CMIP6.HighResMIP.ECMWF.ECMWF-IFS-HR.hist-1950.r1i1p1f1.Amon.hus.gr.kerchunk.json,/global/cfs/projectdirs/m4931/gsharing/css03_data/CMIP6/HighResMIP/ECMWF/ECMWF-IFS-HR/hist-1950/r1i1p1f1/Amon/hus/gr/v20170915,/global/cfs/projectdirs/m4931/kerchunk/hus/hist-1950/mon/CMIP6.HighResMIP.ECMWF.ECMWF-IFS-HR.hist-1950.r1i1p1f1.Amon.hus.gr.kerchunk.json,Amon,hus,50,50-99,2,horizontal,"{""method"": ""bilinear"", ""target_grid"": {""lat_name"": ""lat"", ""lat_start"": -88, ""lat_step"": 4, ""lat_stop"": 88, ""lon_name"": ""lon"", ""lon_start"": 2, ""lon_step"": 4, ""lon_stop"": 358}, ""tool"": ""xesmf""}",ok,,,,False,True,True,False,False,1e-06,1e-08,18125812.0,98.14713017110678,0.015414523892104626,32.17081832885742,6002100.0,time,time,lat,lat,lon,lon,plev,plev,False,"[""coordinate_mismatch"", ""data_mismatch""]",coordinate_mismatch,"{""backend_execution"": {""kerchunk"": {""added_missing_bounds"": true, ""added_missing_bounds_axes"": [""X"", ""Y""], ""backend"": ""kerchunk"", ""dropped_non_dim_coords"": [], ""output_var_dims"": [""time"", ""plev"", ""lat"", ""lon""], ""output_var_dtype"": ""float32"", ""output_var_shape"": [240, 19, 45, 90], ""x_axis_name"": ""lon"", ""y_axis_name"": ""lat""}, ""netcdf"": {""added_missing_bounds"": true, ""added_missing_bounds_axes"": [""X"", ""Y""], ""backend"": ""netcdf"", ""dropped_non_dim_coords"": [], ""output_var_dims"": [""time"", ""plev"", ""lat"", ""lon""], ""output_var_dtype"": ""float32"", ""output_var_shape"": [240, 19, 45, 90], ""x_axis_name"": ""lon"", ""y_axis_name"": ""lat""}}, ""data"": {""first_mismatch"": {""index"": [0, 0, 0, 0], ""left"": 0.0005459857056848705, ""right"": 0.00040753971552476287}, ""left_dims"": [""time"", ""plev"", ""lat"", ""lon""], ""left_dtype"": ""float32"", ""left_shape"": [240, 19, 45, 90], ""max_abs_diff"": 0.015414523892104626, ""max_rel_diff"": 32.17081832885742, ""mismatch_mask"": null, ""nan_mismatch_count"": 6002100, ""reason"": ""numeric values differ beyond tolerance"", ""right_dims"": [""time"", ""plev"", ""lat"", ""lon""], ""right_dtype"": ""float32"", ""right_shape"": [240, 19, 45, 90]}, ""kerchunk_file_exists"": true, ""missing_netcdf_files"": [], ""netcdf_file_count_resolved"": 50, ""operation"": ""horizontal"", ""operation_config"": {""method"": ""bilinear"", ""target_grid"": {""lat_name"": ""lat"", ""lat_start"": -88, ""lat_step"": 4, ""lat_stop"": 88, ""lon_name"": ""lon"", ""lon_start"": 2, ""lon_step"": 4, ""lon_stop"": 358}, ""tool"": ""xesmf""}, ""output_axes"": {""axis_mismatch_reasons"": [], ""axis_resolution_errors"": {}, ""ignored_symmetric_axis_resolution_errors"": {}}, ""source_axes"": {""axis_mismatch_reasons"": [], ""axis_resolution_errors"": {}, ""ignored_symmetric_axis_resolution_errors"": {}}, ""structure"": {""coord_value_mismatches"": {""time"": {""first_mismatch"": {""flat_index"": 0, ""left"": ""1950-01-16 12:00:00"", ""right"": ""1951-01-16 12:00:00""}, ""left_dims"": [""time""], ""left_dtype"": ""object"", ""left_shape"": [240], ""reason"": ""non-numeric values differ"", ""right_dims"": [""time""], ""right_dtype"": ""object"", ""right_shape"": [240]}}, ""extra_coord_names_in_kerchunk"": [], ""kerchunk_coord_names"": [""lat"", ""lon"", ""plev"", ""time""], ""kerchunk_dims"": [""time"", ""plev"", ""lat"", ""lon""], ""kerchunk_dtype"": ""float32"", ""kerchunk_shape"": [240, 19, 45, 90], ""missing_coord_names_in_kerchunk"": [], ""netcdf_coord_names"": [""lat"", ""lon"", ""plev"", ""time""], ""netcdf_dims"": [""time"", ""plev"", ""lat"", ""lon""], ""netcdf_dtype"": ""float32"", ""netcdf_shape"": [240, 19, 45, 90]}}"
CMIP6.HighResMIP.ECMWF.ECMWF-IFS-HR.hist-1950.r1i1p1f1.Amon.hus.gr.kerchunk.json::spatial,CMIP6.HighResMIP.ECMWF.ECMWF-IFS-HR.hist-1950.r1i1p1f1.Amon.hus.gr.kerchunk.json,/global/cfs/projectdirs/m4931/gsharing/css03_data/CMIP6/HighResMIP/ECMWF/ECMWF-IFS-HR/hist-1950/r1i1p1f1/Amon/hus/gr/v20170915,/global/cfs/projectdirs/m4931/kerchunk/hus/hist-1950/mon/CMIP6.HighResMIP.ECMWF.ECMWF-IFS-HR.hist-1950.r1i1p1f1.Amon.hus.gr.kerchunk.json,Amon,hus,50,50-99,2,spatial,"{""axis"": [""X"", ""Y""], ""weights"": ""generate""}",ok,,,,False,True,True,False,False,1e-06,1e-08,4433.0,97.21491228070175,0.000878496923550005,0.3080181100053374,1482.0,time,time,lat,lat,lon,lon,plev,plev,False,"[""coordinate_mismatch"", ""data_mismatch""]",coordinate_mismatch,"{""backend_execution"": {""kerchunk"": {""added_missing_bounds"": true, ""added_missing_bounds_axes"": [""X"", ""Y""], ""backend"": ""kerchunk"", ""dropped_non_dim_coords"": [], ""output_var_dims"": [""time"", ""plev""], ""output_var_dtype"": ""float64"", ""output_var_shape"": [240, 19], ""x_axis_name"": ""lon"", ""y_axis_name"": ""lat""}, ""netcdf"": {""added_missing_bounds"": true, ""added_missing_bounds_axes"": [""X"", ""Y""], ""backend"": ""netcdf"", ""dropped_non_dim_coords"": [], ""output_var_dims"": [""time"", ""plev""], ""output_var_dtype"": ""float64"", ""output_var_shape"": [240, 19], ""x_axis_name"": ""lon"", ""y_axis_name"": ""lat""}}, ""data"": {""first_mismatch"": {""index"": [0, 0], ""left"": 0.008890267516243056, ""right"": 0.008599845425273533}, ""left_dims"": [""time"", ""plev""], ""left_dtype"": ""float64"", ""left_shape"": [240, 19], ""max_abs_diff"": 0.000878496923550005, ""max_rel_diff"": 0.3080181100053374, ""mismatch_mask"": null, ""nan_mismatch_count"": 1482, ""reason"": ""numeric values differ beyond tolerance"", ""right_dims"": [""time"", ""plev""], ""right_dtype"": ""float64"", ""right_shape"": [240, 19]}, ""kerchunk_file_exists"": true, ""missing_netcdf_files"": [], ""netcdf_file_count_resolved"": 50, ""operation"": ""spatial"", ""operation_config"": {""axis"": [""X"", ""Y""], ""weights"": ""generate""}, ""output_axes"": {""axis_mismatch_reasons"": [], ""axis_resolution_errors"": {}, ""ignored_symmetric_axis_resolution_errors"": {}}, ""source_axes"": {""axis_mismatch_reasons"": [], ""axis_resolution_errors"": {}, ""ignored_symmetric_axis_resolution_errors"": {}}, ""structure"": {""coord_value_mismatches"": {""time"": {""first_mismatch"": {""flat_index"": 0, ""left"": ""1950-01-16 12:00:00"", ""right"": ""1951-01-16 12:00:00""}, ""left_dims"": [""time""], ""left_dtype"": ""object"", ""left_shape"": [240], ""reason"": ""non-numeric values differ"", ""right_dims"": [""time""], ""right_dtype"": ""object"", ""right_shape"": [240]}}, ""extra_coord_names_in_kerchunk"": [], ""kerchunk_coord_names"": [""plev"", ""time""], ""kerchunk_dims"": [""time"", ""plev""], ""kerchunk_dtype"": ""float64"", ""kerchunk_shape"": [240, 19], ""missing_coord_names_in_kerchunk"": [], ""netcdf_coord_names"": [""plev"", ""time""], ""netcdf_dims"": [""time"", ""plev""], ""netcdf_dtype"": ""float64"", ""netcdf_shape"": [240, 19]}}"
CMIP6.HighResMIP.ECMWF.ECMWF-IFS-HR.hist-1950.r1i1p1f1.Amon.hus.gr.kerchunk.json::temporal,CMIP6.HighResMIP.ECMWF.ECMWF-IFS-HR.hist-1950.r1i1p1f1.Amon.hus.gr.kerchunk.json,/global/cfs/projectdirs/m4931/gsharing/css03_data/CMIP6/HighResMIP/ECMWF/ECMWF-IFS-HR/hist-1950/r1i1p1f1/Amon/hus/gr/v20170915,/global/cfs/projectdirs/m4931/kerchunk/hus/hist-1950/mon/CMIP6.HighResMIP.ECMWF.ECMWF-IFS-HR.hist-1950.r1i1p1f1.Amon.hus.gr.kerchunk.json,Amon,hus,50,50-99,2,temporal,"{""freq"": ""year""}",ok,,,,False,False,True,False,False,1e-06,1e-08,,,,,,time,time,lat,lat,lon,lon,plev,plev,False,"[""metadata_structure_mismatch"", ""coordinate_mismatch"", ""data_mismatch""]",metadata_structure_mismatch,"{""backend_execution"": {""kerchunk"": {""added_missing_bounds"": false, ""backend"": ""kerchunk"", ""dropped_non_dim_coords"": [], ""output_var_dims"": [""time"", ""plev"", ""lat"", ""lon""], ""output_var_dtype"": ""float64"", ""output_var_shape"": [13, 19, 361, 720], ""time_axis_name"": ""time""}, ""netcdf"": {""added_missing_bounds"": false, ""backend"": ""netcdf"", ""dropped_non_dim_coords"": [], ""output_var_dims"": [""time"", ""plev"", ""lat"", ""lon""], ""output_var_dtype"": ""float64"", ""output_var_shape"": [20, 19, 361, 720], ""time_axis_name"": ""time""}}, ""data"": {""left_dims"": [""time"", ""plev"", ""lat"", ""lon""], ""left_dtype"": ""float64"", ""left_shape"": [13, 19, 361, 720], ""reason"": ""dimension or shape mismatch"", ""right_dims"": [""time"", ""plev"", ""lat"", ""lon""], ""right_dtype"": ""float64"", ""right_shape"": [20, 19, 361, 720]}, ""kerchunk_file_exists"": true, ""missing_netcdf_files"": [], ""netcdf_file_count_resolved"": 50, ""operation"": ""temporal"", ""operation_config"": {""freq"": ""year""}, ""output_axes"": {""axis_mismatch_reasons"": [], ""axis_resolution_errors"": {}, ""ignored_symmetric_axis_resolution_errors"": {}}, ""source_axes"": {""axis_mismatch_reasons"": [], ""axis_resolution_errors"": {}, ""ignored_symmetric_axis_resolution_errors"": {}}, ""structure"": {""coord_value_mismatches"": {""time"": {""left_dims"": [""time""], ""left_dtype"": ""object"", ""left_shape"": [13], ""reason"": ""dimension or shape mismatch"", ""right_dims"": [""time""], ""right_dtype"": ""object"", ""right_shape"": [20]}}, ""extra_coord_names_in_kerchunk"": [], ""kerchunk_coord_names"": [""lat"", ""lon"", ""plev"", ""time""], ""kerchunk_dims"": [""time"", ""plev"", ""lat"", ""lon""], ""kerchunk_dtype"": ""float64"", ""kerchunk_shape"": [13, 19, 361, 720], ""missing_coord_names_in_kerchunk"": [], ""netcdf_coord_names"": [""lat"", ""lon"", ""plev"", ""time""], ""netcdf_dims"": [""time"", ""plev"", ""lat"", ""lon""], ""netcdf_dtype"": ""float64"", ""netcdf_shape"": [20, 19, 361, 720]}}"
CMIP6.HighResMIP.ECMWF.ECMWF-IFS-HR.hist-1950.r1i1p1f1.Amon.hus.gr.kerchunk.json::vertical,CMIP6.HighResMIP.ECMWF.ECMWF-IFS-HR.hist-1950.r1i1p1f1.Amon.hus.gr.kerchunk.json,/global/cfs/projectdirs/m4931/gsharing/css03_data/CMIP6/HighResMIP/ECMWF/ECMWF-IFS-HR/hist-1950/r1i1p1f1/Amon/hus/gr/v20170915,/global/cfs/projectdirs/m4931/kerchunk/hus/hist-1950/mon/CMIP6.HighResMIP.ECMWF.ECMWF-IFS-HR.hist-1950.r1i1p1f1.Amon.hus.gr.kerchunk.json,Amon,hus,50,50-99,2,vertical,"{""method"": ""log"", ""target_plevs_pa"": [100000, 92500, 85000, 75000, 70000, 60000, 50000, 40000, 30000, 25000, 20000, 15000, 10000, 7000, 5000, 3000, 1000, 500, 300, 100], ""tool"": ""xgcm""}",error,,operation_failed_both_backends,"kerchunk=vertical_operation_failed:dimension temp_unique on 0th function argument to apply_ufunc with dask='parallelized' consists of multiple chunks, but is also a core dimension. To fix, either rechunk into a single array chunk along this dimension, i.e., ``.chunk(dict(temp_unique=-1))``, or pass ``allow_rechunk=True`` in ``dask_gufunc_kwargs`` but beware that this may significantly increase memory usage. | netcdf=vertical_operation_failed:dimension temp_unique on 0th function argument to apply_ufunc with dask='parallelized' consists of multiple chunks, but is also a core dimension. To fix, either rechunk into a single array chunk along this dimension, i.e., ``.chunk(dict(temp_unique=-1))``, or pass ``allow_rechunk=True`` in ``dask_gufunc_kwargs`` but beware that this may significantly increase memory usage.",,,,,,1e-06,1e-08,,,,,,,,,,,,,,False,"[""backend_execution_mismatch""]",backend_execution_mismatch,"{""backend_execution"": {""kerchunk"": {""added_missing_bounds"": true, ""added_missing_bounds_axes"": [""Z""], ""backend"": ""kerchunk"", ""operation_error"": ""ValueError: dimension temp_unique on 0th function argument to apply_ufunc with dask='parallelized' consists of multiple chunks, but is also a core dimension. To fix, either rechunk into a single array chunk along this dimension, i.e., ``.chunk(dict(temp_unique=-1))``, or pass ``allow_rechunk=True`` in ``dask_gufunc_kwargs`` but beware that this may significantly increase memory usage."", ""vertical_kwargs"": {""tool"": ""xgcm""}, ""z_axis_name"": ""plev""}, ""netcdf"": {""added_missing_bounds"": true, ""added_missing_bounds_axes"": [""Z""], ""backend"": ""netcdf"", ""operation_error"": ""ValueError: dimension temp_unique on 0th function argument to apply_ufunc with dask='parallelized' consists of multiple chunks, but is also a core dimension. To fix, either rechunk into a single array chunk along this dimension, i.e., ``.chunk(dict(temp_unique=-1))``, or pass ``allow_rechunk=True`` in ``dask_gufunc_kwargs`` but beware that this may significantly increase memory usage."", ""vertical_kwargs"": {""tool"": ""xgcm""}, ""z_axis_name"": ""plev""}}, ""kerchunk_file_exists"": true, ""missing_netcdf_files"": [], ""netcdf_file_count_resolved"": 50, ""operation"": ""vertical"", ""operation_config"": {""method"": ""log"", ""target_plevs_pa"": [100000, 92500, 85000, 75000, 70000, 60000, 50000, 40000, 30000, 25000, 20000, 15000, 10000, 7000, 5000, 3000, 1000, 500, 300, 100], ""tool"": ""xgcm""}, ""pair_resolution"": {""error_message"": ""kerchunk=vertical_operation_failed:dimension temp_unique on 0th function argument to apply_ufunc with dask='parallelized' consists of multiple chunks, but is also a core dimension. To fix, either rechunk into a single array chunk along this dimension, i.e., ``.chunk(dict(temp_unique=-1))``, or pass ``allow_rechunk=True`` in ``dask_gufunc_kwargs`` but beware that this may significantly increase memory usage. | netcdf=vertical_operation_failed:dimension temp_unique on 0th function argument to apply_ufunc with dask='parallelized' consists of multiple chunks, but is also a core dimension. To fix, either rechunk into a single array chunk along this dimension, i.e., ``.chunk(dict(temp_unique=-1))``, or pass ``allow_rechunk=True`` in ``dask_gufunc_kwargs`` but beware that this may significantly increase memory usage."", ""error_type"": ""operation_failed_both_backends"", ""status"": ""error""}, ""source_axes"": {""axis_mismatch_reasons"": [], ""axis_resolution_errors"": {}, ""ignored_symmetric_axis_resolution_errors"": {}}}"
CMIP6.CMIP.AWI.AWI-ESM-1-1-LR.piControl.r1i1p1f1.Amon.hur.gn.v20200212::horizontal,CMIP6.CMIP.AWI.AWI-ESM-1-1-LR.piControl.r1i1p1f1.Amon.hur.gn.v20200212,/global/cfs/projectdirs/m4931/gsharing/css03_data/CMIP6/CMIP/AWI/AWI-ESM-1-1-LR/piControl/r1i1p1f1/Amon/hur/gn/v20200212,/global/cfs/projectdirs/m4931/kerchunk/hur/piControl/mon/CMIP6.CMIP.AWI.AWI-ESM-1-1-LR.piControl.r1i1p1f1.Amon.hur.gn.v20200212.kerchunk.json,Amon,hur,100,100-149,1,horizontal,"{""method"": ""bilinear"", ""target_grid"": {""lat_name"": ""lat"", ""lat_start"": -88, ""lat_step"": 4, ""lat_stop"": 88, ""lon_name"": ""lon"", ""lon_start"": 2, ""lon_step"": 4, ""lon_stop"": 358}, ""tool"": ""xesmf""}",ok,,,,True,True,True,True,True,1e-06,1e-08,0.0,0.0,0.0,0.0,0.0,time,time,lat,lat,lon,lon,plev,plev,True,[],,"{""backend_execution"": {""kerchunk"": {""added_missing_bounds"": true, ""added_missing_bounds_axes"": [""X"", ""Y""], ""backend"": ""kerchunk"", ""dropped_non_dim_coords"": [], ""output_var_dims"": [""time"", ""plev"", ""lat"", ""lon""], ""output_var_dtype"": ""float32"", ""output_var_shape"": [240, 19, 45, 90], ""x_axis_name"": ""lon"", ""y_axis_name"": ""lat""}, ""netcdf"": {""added_missing_bounds"": true, ""added_missing_bounds_axes"": [""X"", ""Y""], ""backend"": ""netcdf"", ""dropped_non_dim_coords"": [], ""output_var_dims"": [""time"", ""plev"", ""lat"", ""lon""], ""output_var_dtype"": ""float32"", ""output_var_shape"": [240, 19, 45, 90], ""x_axis_name"": ""lon"", ""y_axis_name"": ""lat""}}, ""data"": {""left_dims"": [""time"", ""plev"", ""lat"", ""lon""], ""left_dtype"": ""float32"", ""left_shape"": [240, 19, 45, 90], ""max_abs_diff"": 0.0, ""max_rel_diff"": 0.0, ""mismatch_mask"": null, ""nan_mismatch_count"": 0, ""right_dims"": [""time"", ""plev"", ""lat"", ""lon""], ""right_dtype"": ""float32"", ""right_shape"": [240, 19, 45, 90]}, ""kerchunk_file_exists"": true, ""missing_netcdf_files"": [], ""netcdf_file_count_resolved"": 100, ""operation"": ""horizontal"", ""operation_config"": {""method"": ""bilinear"", ""target_grid"": {""lat_name"": ""lat"", ""lat_start"": -88, ""lat_step"": 4, ""lat_stop"": 88, ""lon_name"": ""lon"", ""lon_start"": 2, ""lon_step"": 4, ""lon_stop"": 358}, ""tool"": ""xesmf""}, ""output_axes"": {""axis_mismatch_reasons"": [], ""axis_resolution_errors"": {}, ""ignored_symmetric_axis_resolution_errors"": {}}, ""source_axes"": {""axis_mismatch_reasons"": [], ""axis_resolution_errors"": {}, ""ignored_symmetric_axis_resolution_errors"": {}}, ""structure"": {""coord_value_mismatches"": {}, ""extra_coord_names_in_kerchunk"": [], ""kerchunk_coord_names"": [""lat"", ""lon"", ""plev"", ""time""], ""kerchunk_dims"": [""time"", ""plev"", ""lat"", ""lon""], ""kerchunk_dtype"": ""float32"", ""kerchunk_shape"": [240, 19, 45, 90], ""missing_coord_names_in_kerchunk"": [], ""netcdf_coord_names"": [""lat"", ""lon"", ""plev"", ""time""], ""netcdf_dims"": [""time"", ""plev"", ""lat"", ""lon""], ""netcdf_dtype"": ""float32"", ""netcdf_shape"": [240, 19, 45, 90]}}"
CMIP6.CMIP.AWI.AWI-ESM-1-1-LR.piControl.r1i1p1f1.Amon.hur.gn.v20200212::spatial,CMIP6.CMIP.AWI.AWI-ESM-1-1-LR.piControl.r1i1p1f1.Amon.hur.gn.v20200212,/global/cfs/projectdirs/m4931/gsharing/css03_data/CMIP6/CMIP/AWI/AWI-ESM-1-1-LR/piControl/r1i1p1f1/Amon/hur/gn/v20200212,/global/cfs/projectdirs/m4931/kerchunk/hur/piControl/mon/CMIP6.CMIP.AWI.AWI-ESM-1-1-LR.piControl.r1i1p1f1.Amon.hur.gn.v20200212.kerchunk.json,Amon,hur,100,100-149,1,spatial,"{""axis"": [""X"", ""Y""], ""weights"": ""generate""}",ok,,,,True,True,True,True,True,1e-06,1e-08,0.0,0.0,0.0,0.0,0.0,time,time,lat,lat,lon,lon,plev,plev,True,[],,"{""backend_execution"": {""kerchunk"": {""added_missing_bounds"": true, ""added_missing_bounds_axes"": [""X"", ""Y""], ""backend"": ""kerchunk"", ""dropped_non_dim_coords"": [], ""output_var_dims"": [""time"", ""plev""], ""output_var_dtype"": ""float64"", ""output_var_shape"": [240, 19], ""x_axis_name"": ""lon"", ""y_axis_name"": ""lat""}, ""netcdf"": {""added_missing_bounds"": true, ""added_missing_bounds_axes"": [""X"", ""Y""], ""backend"": ""netcdf"", ""dropped_non_dim_coords"": [], ""output_var_dims"": [""time"", ""plev""], ""output_var_dtype"": ""float64"", ""output_var_shape"": [240, 19], ""x_axis_name"": ""lon"", ""y_axis_name"": ""lat""}}, ""data"": {""left_dims"": [""time"", ""plev""], ""left_dtype"": ""float64"", ""left_shape"": [240, 19], ""max_abs_diff"": 0.0, ""max_rel_diff"": 0.0, ""mismatch_mask"": null, ""nan_mismatch_count"": 0, ""right_dims"": [""time"", ""plev""], ""right_dtype"": ""float64"", ""right_shape"": [240, 19]}, ""kerchunk_file_exists"": true, ""missing_netcdf_files"": [], ""netcdf_file_count_resolved"": 100, ""operation"": ""spatial"", ""operation_config"": {""axis"": [""X"", ""Y""], ""weights"": ""generate""}, ""output_axes"": {""axis_mismatch_reasons"": [], ""axis_resolution_errors"": {}, ""ignored_symmetric_axis_resolution_errors"": {}}, ""source_axes"": {""axis_mismatch_reasons"": [], ""axis_resolution_errors"": {}, ""ignored_symmetric_axis_resolution_errors"": {}}, ""structure"": {""coord_value_mismatches"": {}, ""extra_coord_names_in_kerchunk"": [], ""kerchunk_coord_names"": [""plev"", ""time""], ""kerchunk_dims"": [""time"", ""plev""], ""kerchunk_dtype"": ""float64"", ""kerchunk_shape"": [240, 19], ""missing_coord_names_in_kerchunk"": [], ""netcdf_coord_names"": [""plev"", ""time""], ""netcdf_dims"": [""time"", ""plev""], ""netcdf_dtype"": ""float64"", ""netcdf_shape"": [240, 19]}}"
CMIP6.CMIP.AWI.AWI-ESM-1-1-LR.piControl.r1i1p1f1.Amon.hur.gn.v20200212::temporal,CMIP6.CMIP.AWI.AWI-ESM-1-1-LR.piControl.r1i1p1f1.Amon.hur.gn.v20200212,/global/cfs/projectdirs/m4931/gsharing/css03_data/CMIP6/CMIP/AWI/AWI-ESM-1-1-LR/piControl/r1i1p1f1/Amon/hur/gn/v20200212,/global/cfs/projectdirs/m4931/kerchunk/hur/piControl/mon/CMIP6.CMIP.AWI.AWI-ESM-1-1-LR.piControl.r1i1p1f1.Amon.hur.gn.v20200212.kerchunk.json,Amon,hur,100,100-149,1,temporal,"{""freq"": ""year""}",ok,,,,True,True,True,True,True,1e-06,1e-08,0.0,0.0,0.0,0.0,0.0,time,time,lat,lat,lon,lon,plev,plev,True,[],,"{""backend_execution"": {""kerchunk"": {""added_missing_bounds"": false, ""backend"": ""kerchunk"", ""dropped_non_dim_coords"": [], ""output_var_dims"": [""time"", ""plev"", ""lat"", ""lon""], ""output_var_dtype"": ""float64"", ""output_var_shape"": [20, 19, 96, 192], ""time_axis_name"": ""time""}, ""netcdf"": {""added_missing_bounds"": false, ""backend"": ""netcdf"", ""dropped_non_dim_coords"": [], ""output_var_dims"": [""time"", ""plev"", ""lat"", ""lon""], ""output_var_dtype"": ""float64"", ""output_var_shape"": [20, 19, 96, 192], ""time_axis_name"": ""time""}}, ""data"": {""left_dims"": [""time"", ""plev"", ""lat"", ""lon""], ""left_dtype"": ""float64"", ""left_shape"": [20, 19, 96, 192], ""max_abs_diff"": 0.0, ""max_rel_diff"": 0.0, ""mismatch_mask"": null, ""nan_mismatch_count"": 0, ""right_dims"": [""time"", ""plev"", ""lat"", ""lon""], ""right_dtype"": ""float64"", ""right_shape"": [20, 19, 96, 192]}, ""kerchunk_file_exists"": true, ""missing_netcdf_files"": [], ""netcdf_file_count_resolved"": 100, ""operation"": ""temporal"", ""operation_config"": {""freq"": ""year""}, ""output_axes"": {""axis_mismatch_reasons"": [], ""axis_resolution_errors"": {}, ""ignored_symmetric_axis_resolution_errors"": {}}, ""source_axes"": {""axis_mismatch_reasons"": [], ""axis_resolution_errors"": {}, ""ignored_symmetric_axis_resolution_errors"": {}}, ""structure"": {""coord_value_mismatches"": {}, ""extra_coord_names_in_kerchunk"": [], ""kerchunk_coord_names"": [""lat"", ""lon"", ""plev"", ""time""], ""kerchunk_dims"": [""time"", ""plev"", ""lat"", ""lon""], ""kerchunk_dtype"": ""float64"", ""kerchunk_shape"": [20, 19, 96, 192], ""missing_coord_names_in_kerchunk"": [], ""netcdf_coord_names"": [""lat"", ""lon"", ""plev"", ""time""], ""netcdf_dims"": [""time"", ""plev"", ""lat"", ""lon""], ""netcdf_dtype"": ""float64"", ""netcdf_shape"": [20, 19, 96, 192]}}"
CMIP6.CMIP.AWI.AWI-ESM-1-1-LR.piControl.r1i1p1f1.Amon.hur.gn.v20200212::vertical,CMIP6.CMIP.AWI.AWI-ESM-1-1-LR.piControl.r1i1p1f1.Amon.hur.gn.v20200212,/global/cfs/projectdirs/m4931/gsharing/css03_data/CMIP6/CMIP/AWI/AWI-ESM-1-1-LR/piControl/r1i1p1f1/Amon/hur/gn/v20200212,/global/cfs/projectdirs/m4931/kerchunk/hur/piControl/mon/CMIP6.CMIP.AWI.AWI-ESM-1-1-LR.piControl.r1i1p1f1.Amon.hur.gn.v20200212.kerchunk.json,Amon,hur,100,100-149,1,vertical,"{""method"": ""log"", ""target_plevs_pa"": [100000, 92500, 85000, 75000, 70000, 60000, 50000, 40000, 30000, 25000, 20000, 15000, 10000, 7000, 5000, 3000, 1000, 500, 300, 100], ""tool"": ""xgcm""}",ok,,,,True,True,True,True,True,1e-06,1e-08,0.0,0.0,0.0,0.0,0.0,time,time,lat,lat,lon,lon,lev,lev,True,[],,"{""backend_execution"": {""kerchunk"": {""added_missing_bounds"": true, ""added_missing_bounds_axes"": [""Z""], ""backend"": ""kerchunk"", ""output_var_dims"": [""time"", ""lev"", ""lat"", ""lon""], ""output_var_dtype"": ""float64"", ""output_var_shape"": [240, 20, 96, 192], ""vertical_kwargs"": {""tool"": ""xgcm""}, ""z_axis_name"": ""plev""}, ""netcdf"": {""added_missing_bounds"": true, ""added_missing_bounds_axes"": [""Z""], ""backend"": ""netcdf"", ""output_var_dims"": [""time"", ""lev"", ""lat"", ""lon""], ""output_var_dtype"": ""float64"", ""output_var_shape"": [240, 20, 96, 192], ""vertical_kwargs"": {""tool"": ""xgcm""}, ""z_axis_name"": ""plev""}}, ""data"": {""left_dims"": [""time"", ""lev"", ""lat"", ""lon""], ""left_dtype"": ""float64"", ""left_shape"": [240, 20, 96, 192], ""max_abs_diff"": 0.0, ""max_rel_diff"": 0.0, ""mismatch_mask"": null, ""nan_mismatch_count"": 0, ""right_dims"": [""time"", ""lev"", ""lat"", ""lon""], ""right_dtype"": ""float64"", ""right_shape"": [240, 20, 96, 192]}, ""kerchunk_file_exists"": true, ""missing_netcdf_files"": [], ""netcdf_file_count_resolved"": 100, ""operation"": ""vertical"", ""operation_config"": {""method"": ""log"", ""target_plevs_pa"": [100000, 92500, 85000, 75000, 70000, 60000, 50000, 40000, 30000, 25000, 20000, 15000, 10000, 7000, 5000, 3000, 1000, 500, 300, 100], ""tool"": ""xgcm""}, ""output_axes"": {""axis_mismatch_reasons"": [], ""axis_resolution_errors"": {}, ""ignored_symmetric_axis_resolution_errors"": {}}, ""source_axes"": {""axis_mismatch_reasons"": [], ""axis_resolution_errors"": {}, ""ignored_symmetric_axis_resolution_errors"": {}}, ""structure"": {""coord_value_mismatches"": {}, ""extra_coord_names_in_kerchunk"": [], ""kerchunk_coord_names"": [""lat"", ""lev"", ""lon"", ""time""], ""kerchunk_dims"": [""time"", ""lev"", ""lat"", ""lon""], ""kerchunk_dtype"": ""float64"", ""kerchunk_shape"": [240, 20, 96, 192], ""missing_coord_names_in_kerchunk"": [], ""netcdf_coord_names"": [""lat"", ""lev"", ""lon"", ""time""], ""netcdf_dims"": [""time"", ""lev"", ""lat"", ""lon""], ""netcdf_dtype"": ""float64"", ""netcdf_shape"": [240, 20, 96, 192]}}"
CMIP6.CMIP.AWI.AWI-ESM-1-1-LR.piControl.r1i1p1f1.Amon.hus.gn.v20200212::horizontal,CMIP6.CMIP.AWI.AWI-ESM-1-1-LR.piControl.r1i1p1f1.Amon.hus.gn.v20200212,/global/cfs/projectdirs/m4931/gsharing/css03_data/CMIP6/CMIP/AWI/AWI-ESM-1-1-LR/piControl/r1i1p1f1/Amon/hus/gn/v20200212,/global/cfs/projectdirs/m4931/kerchunk/hus/piControl/mon/CMIP6.CMIP.AWI.AWI-ESM-1-1-LR.piControl.r1i1p1f1.Amon.hus.gn.v20200212.kerchunk.json,Amon,hus,100,100-149,3,horizontal,"{""method"": ""bilinear"", ""target_grid"": {""lat_name"": ""lat"", ""lat_start"": -88, ""lat_step"": 4, ""lat_stop"": 88, ""lon_name"": ""lon"", ""lon_start"": 2, ""lon_step"": 4, ""lon_stop"": 358}, ""tool"": ""xesmf""}",ok,,,,True,True,True,True,True,1e-06,1e-08,0.0,0.0,0.0,0.0,0.0,time,time,lat,lat,lon,lon,plev,plev,True,[],,"{""backend_execution"": {""kerchunk"": {""added_missing_bounds"": true, ""added_missing_bounds_axes"": [""X"", ""Y""], ""backend"": ""kerchunk"", ""dropped_non_dim_coords"": [], ""output_var_dims"": [""time"", ""plev"", ""lat"", ""lon""], ""output_var_dtype"": ""float32"", ""output_var_shape"": [240, 19, 45, 90], ""x_axis_name"": ""lon"", ""y_axis_name"": ""lat""}, ""netcdf"": {""added_missing_bounds"": true, ""added_missing_bounds_axes"": [""X"", ""Y""], ""backend"": ""netcdf"", ""dropped_non_dim_coords"": [], ""output_var_dims"": [""time"", ""plev"", ""lat"", ""lon""], ""output_var_dtype"": ""float32"", ""output_var_shape"": [240, 19, 45, 90], ""x_axis_name"": ""lon"", ""y_axis_name"": ""lat""}}, ""data"": {""left_dims"": [""time"", ""plev"", ""lat"", ""lon""], ""left_dtype"": ""float32"", ""left_shape"": [240, 19, 45, 90], ""max_abs_diff"": 0.0, ""max_rel_diff"": 0.0, ""mismatch_mask"": null, ""nan_mismatch_count"": 0, ""right_dims"": [""time"", ""plev"", ""lat"", ""lon""], ""right_dtype"": ""float32"", ""right_shape"": [240, 19, 45, 90]}, ""kerchunk_file_exists"": true, ""missing_netcdf_files"": [], ""netcdf_file_count_resolved"": 100, ""operation"": ""horizontal"", ""operation_config"": {""method"": ""bilinear"", ""target_grid"": {""lat_name"": ""lat"", ""lat_start"": -88, ""lat_step"": 4, ""lat_stop"": 88, ""lon_name"": ""lon"", ""lon_start"": 2, ""lon_step"": 4, ""lon_stop"": 358}, ""tool"": ""xesmf""}, ""output_axes"": {""axis_mismatch_reasons"": [], ""axis_resolution_errors"": {}, ""ignored_symmetric_axis_resolution_errors"": {}}, ""source_axes"": {""axis_mismatch_reasons"": [], ""axis_resolution_errors"": {}, ""ignored_symmetric_axis_resolution_errors"": {}}, ""structure"": {""coord_value_mismatches"": {}, ""extra_coord_names_in_kerchunk"": [], ""kerchunk_coord_names"": [""lat"", ""lon"", ""plev"", ""time""], ""kerchunk_dims"": [""time"", ""plev"", ""lat"", ""lon""], ""kerchunk_dtype"": ""float32"", ""kerchunk_shape"": [240, 19, 45, 90], ""missing_coord_names_in_kerchunk"": [], ""netcdf_coord_names"": [""lat"", ""lon"", ""plev"", ""time""], ""netcdf_dims"": [""time"", ""plev"", ""lat"", ""lon""], ""netcdf_dtype"": ""float32"", ""netcdf_shape"": [240, 19, 45, 90]}}"
CMIP6.CMIP.AWI.AWI-ESM-1-1-LR.piControl.r1i1p1f1.Amon.hus.gn.v20200212::spatial,CMIP6.CMIP.AWI.AWI-ESM-1-1-LR.piControl.r1i1p1f1.Amon.hus.gn.v20200212,/global/cfs/projectdirs/m4931/gsharing/css03_data/CMIP6/CMIP/AWI/AWI-ESM-1-1-LR/piControl/r1i1p1f1/Amon/hus/gn/v20200212,/global/cfs/projectdirs/m4931/kerchunk/hus/piControl/mon/CMIP6.CMIP.AWI.AWI-ESM-1-1-LR.piControl.r1i1p1f1.Amon.hus.gn.v20200212.kerchunk.json,Amon,hus,100,100-149,3,spatial,"{""axis"": [""X"", ""Y""], ""weights"": ""generate""}",ok,,,,True,True,True,True,True,1e-06,1e-08,0.0,0.0,0.0,0.0,0.0,time,time,lat,lat,lon,lon,plev,plev,True,[],,"{""backend_execution"": {""kerchunk"": {""added_missing_bounds"": true, ""added_missing_bounds_axes"": [""X"", ""Y""], ""backend"": ""kerchunk"", ""dropped_non_dim_coords"": [], ""output_var_dims"": [""time"", ""plev""], ""output_var_dtype"": ""float64"", ""output_var_shape"": [240, 19], ""x_axis_name"": ""lon"", ""y_axis_name"": ""lat""}, ""netcdf"": {""added_missing_bounds"": true, ""added_missing_bounds_axes"": [""X"", ""Y""], ""backend"": ""netcdf"", ""dropped_non_dim_coords"": [], ""output_var_dims"": [""time"", ""plev""], ""output_var_dtype"": ""float64"", ""output_var_shape"": [240, 19], ""x_axis_name"": ""lon"", ""y_axis_name"": ""lat""}}, ""data"": {""left_dims"": [""time"", ""plev""], ""left_dtype"": ""float64"", ""left_shape"": [240, 19], ""max_abs_diff"": 0.0, ""max_rel_diff"": 0.0, ""mismatch_mask"": null, ""nan_mismatch_count"": 0, ""right_dims"": [""time"", ""plev""], ""right_dtype"": ""float64"", ""right_shape"": [240, 19]}, ""kerchunk_file_exists"": true, ""missing_netcdf_files"": [], ""netcdf_file_count_resolved"": 100, ""operation"": ""spatial"", ""operation_config"": {""axis"": [""X"", ""Y""], ""weights"": ""generate""}, ""output_axes"": {""axis_mismatch_reasons"": [], ""axis_resolution_errors"": {}, ""ignored_symmetric_axis_resolution_errors"": {}}, ""source_axes"": {""axis_mismatch_reasons"": [], ""axis_resolution_errors"": {}, ""ignored_symmetric_axis_resolution_errors"": {}}, ""structure"": {""coord_value_mismatches"": {}, ""extra_coord_names_in_kerchunk"": [], ""kerchunk_coord_names"": [""plev"", ""time""], ""kerchunk_dims"": [""time"", ""plev""], ""kerchunk_dtype"": ""float64"", ""kerchunk_shape"": [240, 19], ""missing_coord_names_in_kerchunk"": [], ""netcdf_coord_names"": [""plev"", ""time""], ""netcdf_dims"": [""time"", ""plev""], ""netcdf_dtype"": ""float64"", ""netcdf_shape"": [240, 19]}}"
CMIP6.CMIP.AWI.AWI-ESM-1-1-LR.piControl.r1i1p1f1.Amon.hus.gn.v20200212::temporal,CMIP6.CMIP.AWI.AWI-ESM-1-1-LR.piControl.r1i1p1f1.Amon.hus.gn.v20200212,/global/cfs/projectdirs/m4931/gsharing/css03_data/CMIP6/CMIP/AWI/AWI-ESM-1-1-LR/piControl/r1i1p1f1/Amon/hus/gn/v20200212,/global/cfs/projectdirs/m4931/kerchunk/hus/piControl/mon/CMIP6.CMIP.AWI.AWI-ESM-1-1-LR.piControl.r1i1p1f1.Amon.hus.gn.v20200212.kerchunk.json,Amon,hus,100,100-149,3,temporal,"{""freq"": ""year""}",ok,,,,True,True,True,True,True,1e-06,1e-08,0.0,0.0,0.0,0.0,0.0,time,time,lat,lat,lon,lon,plev,plev,True,[],,"{""backend_execution"": {""kerchunk"": {""added_missing_bounds"": false, ""backend"": ""kerchunk"", ""dropped_non_dim_coords"": [], ""output_var_dims"": [""time"", ""plev"", ""lat"", ""lon""], ""output_var_dtype"": ""float64"", ""output_var_shape"": [20, 19, 96, 192], ""time_axis_name"": ""time""}, ""netcdf"": {""added_missing_bounds"": false, ""backend"": ""netcdf"", ""dropped_non_dim_coords"": [], ""output_var_dims"": [""time"", ""plev"", ""lat"", ""lon""], ""output_var_dtype"": ""float64"", ""output_var_shape"": [20, 19, 96, 192], ""time_axis_name"": ""time""}}, ""data"": {""left_dims"": [""time"", ""plev"", ""lat"", ""lon""], ""left_dtype"": ""float64"", ""left_shape"": [20, 19, 96, 192], ""max_abs_diff"": 0.0, ""max_rel_diff"": 0.0, ""mismatch_mask"": null, ""nan_mismatch_count"": 0, ""right_dims"": [""time"", ""plev"", ""lat"", ""lon""], ""right_dtype"": ""float64"", ""right_shape"": [20, 19, 96, 192]}, ""kerchunk_file_exists"": true, ""missing_netcdf_files"": [], ""netcdf_file_count_resolved"": 100, ""operation"": ""temporal"", ""operation_config"": {""freq"": ""year""}, ""output_axes"": {""axis_mismatch_reasons"": [], ""axis_resolution_errors"": {}, ""ignored_symmetric_axis_resolution_errors"": {}}, ""source_axes"": {""axis_mismatch_reasons"": [], ""axis_resolution_errors"": {}, ""ignored_symmetric_axis_resolution_errors"": {}}, ""structure"": {""coord_value_mismatches"": {}, ""extra_coord_names_in_kerchunk"": [], ""kerchunk_coord_names"": [""lat"", ""lon"", ""plev"", ""time""], ""kerchunk_dims"": [""time"", ""plev"", ""lat"", ""lon""], ""kerchunk_dtype"": ""float64"", ""kerchunk_shape"": [20, 19, 96, 192], ""missing_coord_names_in_kerchunk"": [], ""netcdf_coord_names"": [""lat"", ""lon"", ""plev"", ""time""], ""netcdf_dims"": [""time"", ""plev"", ""lat"", ""lon""], ""netcdf_dtype"": ""float64"", ""netcdf_shape"": [20, 19, 96, 192]}}"
CMIP6.CMIP.AWI.AWI-ESM-1-1-LR.piControl.r1i1p1f1.Amon.hus.gn.v20200212::vertical,CMIP6.CMIP.AWI.AWI-ESM-1-1-LR.piControl.r1i1p1f1.Amon.hus.gn.v20200212,/global/cfs/projectdirs/m4931/gsharing/css03_data/CMIP6/CMIP/AWI/AWI-ESM-1-1-LR/piControl/r1i1p1f1/Amon/hus/gn/v20200212,/global/cfs/projectdirs/m4931/kerchunk/hus/piControl/mon/CMIP6.CMIP.AWI.AWI-ESM-1-1-LR.piControl.r1i1p1f1.Amon.hus.gn.v20200212.kerchunk.json,Amon,hus,100,100-149,3,vertical,"{""method"": ""log"", ""target_plevs_pa"": [100000, 92500, 85000, 75000, 70000, 60000, 50000, 40000, 30000, 25000, 20000, 15000, 10000, 7000, 5000, 3000, 1000, 500, 300, 100], ""tool"": ""xgcm""}",ok,,,,True,True,True,True,True,1e-06,1e-08,0.0,0.0,0.0,0.0,0.0,time,time,lat,lat,lon,lon,lev,lev,True,[],,"{""backend_execution"": {""kerchunk"": {""added_missing_bounds"": true, ""added_missing_bounds_axes"": [""Z""], ""backend"": ""kerchunk"", ""output_var_dims"": [""time"", ""lev"", ""lat"", ""lon""], ""output_var_dtype"": ""float64"", ""output_var_shape"": [240, 20, 96, 192], ""vertical_kwargs"": {""tool"": ""xgcm""}, ""z_axis_name"": ""plev""}, ""netcdf"": {""added_missing_bounds"": true, ""added_missing_bounds_axes"": [""Z""], ""backend"": ""netcdf"", ""output_var_dims"": [""time"", ""lev"", ""lat"", ""lon""], ""output_var_dtype"": ""float64"", ""output_var_shape"": [240, 20, 96, 192], ""vertical_kwargs"": {""tool"": ""xgcm""}, ""z_axis_name"": ""plev""}}, ""data"": {""left_dims"": [""time"", ""lev"", ""lat"", ""lon""], ""left_dtype"": ""float64"", ""left_shape"": [240, 20, 96, 192], ""max_abs_diff"": 0.0, ""max_rel_diff"": 0.0, ""mismatch_mask"": null, ""nan_mismatch_count"": 0, ""right_dims"": [""time"", ""lev"", ""lat"", ""lon""], ""right_dtype"": ""float64"", ""right_shape"": [240, 20, 96, 192]}, ""kerchunk_file_exists"": true, ""missing_netcdf_files"": [], ""netcdf_file_count_resolved"": 100, ""operation"": ""vertical"", ""operation_config"": {""method"": ""log"", ""target_plevs_pa"": [100000, 92500, 85000, 75000, 70000, 60000, 50000, 40000, 30000, 25000, 20000, 15000, 10000, 7000, 5000, 3000, 1000, 500, 300, 100], ""tool"": ""xgcm""}, ""output_axes"": {""axis_mismatch_reasons"": [], ""axis_resolution_errors"": {}, ""ignored_symmetric_axis_resolution_errors"": {}}, ""source_axes"": {""axis_mismatch_reasons"": [], ""axis_resolution_errors"": {}, ""ignored_symmetric_axis_resolution_errors"": {}}, ""structure"": {""coord_value_mismatches"": {}, ""extra_coord_names_in_kerchunk"": [], ""kerchunk_coord_names"": [""lat"", ""lev"", ""lon"", ""time""], ""kerchunk_dims"": [""time"", ""lev"", ""lat"", ""lon""], ""kerchunk_dtype"": ""float64"", ""kerchunk_shape"": [240, 20, 96, 192], ""missing_coord_names_in_kerchunk"": [], ""netcdf_coord_names"": [""lat"", ""lev"", ""lon"", ""time""], ""netcdf_dims"": [""time"", ""lev"", ""lat"", ""lon""], ""netcdf_dtype"": ""float64"", ""netcdf_shape"": [240, 20, 96, 192]}}"
CMIP6.CMIP.AWI.AWI-ESM-1-1-LR.piControl.r1i1p1f1.Amon.huss.gn.v20200212::horizontal,CMIP6.CMIP.AWI.AWI-ESM-1-1-LR.piControl.r1i1p1f1.Amon.huss.gn.v20200212,/global/cfs/projectdirs/m4931/gsharing/css03_data/CMIP6/CMIP/AWI/AWI-ESM-1-1-LR/piControl/r1i1p1f1/Amon/huss/gn/v20200212,/global/cfs/projectdirs/m4931/kerchunk/huss/piControl/mon/CMIP6.CMIP.AWI.AWI-ESM-1-1-LR.piControl.r1i1p1f1.Amon.huss.gn.v20200212.kerchunk.json,Amon,huss,100,100-149,5,horizontal,"{""method"": ""bilinear"", ""target_grid"": {""lat_name"": ""lat"", ""lat_start"": -88, ""lat_step"": 4, ""lat_stop"": 88, ""lon_name"": ""lon"", ""lon_start"": 2, ""lon_step"": 4, ""lon_stop"": 358}, ""tool"": ""xesmf""}",ok,,,,True,True,True,True,True,1e-06,1e-08,0.0,0.0,0.0,0.0,0.0,time,time,lat,lat,lon,lon,,,True,[],,"{""backend_execution"": {""kerchunk"": {""added_missing_bounds"": true, ""added_missing_bounds_axes"": [""X"", ""Y""], ""backend"": ""kerchunk"", ""dropped_non_dim_coords"": [""height""], ""output_var_dims"": [""time"", ""lat"", ""lon""], ""output_var_dtype"": ""float32"", ""output_var_shape"": [240, 45, 90], ""x_axis_name"": ""lon"", ""y_axis_name"": ""lat""}, ""netcdf"": {""added_missing_bounds"": true, ""added_missing_bounds_axes"": [""X"", ""Y""], ""backend"": ""netcdf"", ""dropped_non_dim_coords"": [""height""], ""output_var_dims"": [""time"", ""lat"", ""lon""], ""output_var_dtype"": ""float32"", ""output_var_shape"": [240, 45, 90], ""x_axis_name"": ""lon"", ""y_axis_name"": ""lat""}}, ""data"": {""left_dims"": [""time"", ""lat"", ""lon""], ""left_dtype"": ""float32"", ""left_shape"": [240, 45, 90], ""max_abs_diff"": 0.0, ""max_rel_diff"": 0.0, ""mismatch_mask"": null, ""nan_mismatch_count"": 0, ""right_dims"": [""time"", ""lat"", ""lon""], ""right_dtype"": ""float32"", ""right_shape"": [240, 45, 90]}, ""kerchunk_file_exists"": true, ""missing_netcdf_files"": [], ""netcdf_file_count_resolved"": 100, ""operation"": ""horizontal"", ""operation_config"": {""method"": ""bilinear"", ""target_grid"": {""lat_name"": ""lat"", ""lat_start"": -88, ""lat_step"": 4, ""lat_stop"": 88, ""lon_name"": ""lon"", ""lon_start"": 2, ""lon_step"": 4, ""lon_stop"": 358}, ""tool"": ""xesmf""}, ""output_axes"": {""axis_mismatch_reasons"": [], ""axis_resolution_errors"": {}, ""ignored_symmetric_axis_resolution_errors"": {""Z"": {""kerchunk"": ""KeyError: \""No 'Z' axis dimension coordinate variables were found in the xarray object. Make sure dimension coordinate variables exist, they are one dimensional, and their CF 'axis' or 'standard_name' attrs are correctly set.\"""", ""netcdf"": ""KeyError: \""No 'Z' axis dimension coordinate variables were found in the xarray object. Make sure dimension coordinate variables exist, they are one dimensional, and their CF 'axis' or 'standard_name' attrs are correctly set.\""""}}}, ""source_axes"": {""axis_mismatch_reasons"": [], ""axis_resolution_errors"": {}, ""ignored_symmetric_axis_resolution_errors"": {""Z"": {""kerchunk"": ""KeyError: \""No 'Z' axis dimension coordinate variables were found in the xarray object. Make sure dimension coordinate variables exist, they are one dimensional, and their CF 'axis' or 'standard_name' attrs are correctly set.\"""", ""netcdf"": ""KeyError: \""No 'Z' axis dimension coordinate variables were found in the xarray object. Make sure dimension coordinate variables exist, they are one dimensional, and their CF 'axis' or 'standard_name' attrs are correctly set.\""""}}}, ""structure"": {""coord_value_mismatches"": {}, ""extra_coord_names_in_kerchunk"": [], ""kerchunk_coord_names"": [""lat"", ""lon"", ""time""], ""kerchunk_dims"": [""time"", ""lat"", ""lon""], ""kerchunk_dtype"": ""float32"", ""kerchunk_shape"": [240, 45, 90], ""missing_coord_names_in_kerchunk"": [], ""netcdf_coord_names"": [""lat"", ""lon"", ""time""], ""netcdf_dims"": [""time"", ""lat"", ""lon""], ""netcdf_dtype"": ""float32"", ""netcdf_shape"": [240, 45, 90]}}"
CMIP6.CMIP.AWI.AWI-ESM-1-1-LR.piControl.r1i1p1f1.Amon.huss.gn.v20200212::spatial,CMIP6.CMIP.AWI.AWI-ESM-1-1-LR.piControl.r1i1p1f1.Amon.huss.gn.v20200212,/global/cfs/projectdirs/m4931/gsharing/css03_data/CMIP6/CMIP/AWI/AWI-ESM-1-1-LR/piControl/r1i1p1f1/Amon/huss/gn/v20200212,/global/cfs/projectdirs/m4931/kerchunk/huss/piControl/mon/CMIP6.CMIP.AWI.AWI-ESM-1-1-LR.piControl.r1i1p1f1.Amon.huss.gn.v20200212.kerchunk.json,Amon,huss,100,100-149,5,spatial,"{""axis"": [""X"", ""Y""], ""weights"": ""generate""}",ok,,,,True,True,True,True,True,1e-06,1e-08,0.0,0.0,0.0,0.0,0.0,time,time,lat,lat,lon,lon,,,True,[],,"{""backend_execution"": {""kerchunk"": {""added_missing_bounds"": true, ""added_missing_bounds_axes"": [""X"", ""Y""], ""backend"": ""kerchunk"", ""dropped_non_dim_coords"": [""height""], ""output_var_dims"": [""time""], ""output_var_dtype"": ""float64"", ""output_var_shape"": [240], ""x_axis_name"": ""lon"", ""y_axis_name"": ""lat""}, ""netcdf"": {""added_missing_bounds"": true, ""added_missing_bounds_axes"": [""X"", ""Y""], ""backend"": ""netcdf"", ""dropped_non_dim_coords"": [""height""], ""output_var_dims"": [""time""], ""output_var_dtype"": ""float64"", ""output_var_shape"": [240], ""x_axis_name"": ""lon"", ""y_axis_name"": ""lat""}}, ""data"": {""left_dims"": [""time""], ""left_dtype"": ""float64"", ""left_shape"": [240], ""max_abs_diff"": 0.0, ""max_rel_diff"": 0.0, ""mismatch_mask"": null, ""nan_mismatch_count"": 0, ""right_dims"": [""time""], ""right_dtype"": ""float64"", ""right_shape"": [240]}, ""kerchunk_file_exists"": true, ""missing_netcdf_files"": [], ""netcdf_file_count_resolved"": 100, ""operation"": ""spatial"", ""operation_config"": {""axis"": [""X"", ""Y""], ""weights"": ""generate""}, ""output_axes"": {""axis_mismatch_reasons"": [], ""axis_resolution_errors"": {}, ""ignored_symmetric_axis_resolution_errors"": {""Z"": {""kerchunk"": ""KeyError: \""No 'Z' axis dimension coordinate variables were found in the xarray object. Make sure dimension coordinate variables exist, they are one dimensional, and their CF 'axis' or 'standard_name' attrs are correctly set.\"""", ""netcdf"": ""KeyError: \""No 'Z' axis dimension coordinate variables were found in the xarray object. Make sure dimension coordinate variables exist, they are one dimensional, and their CF 'axis' or 'standard_name' attrs are correctly set.\""""}}}, ""source_axes"": {""axis_mismatch_reasons"": [], ""axis_resolution_errors"": {}, ""ignored_symmetric_axis_resolution_errors"": {""Z"": {""kerchunk"": ""KeyError: \""No 'Z' axis dimension coordinate variables were found in the xarray object. Make sure dimension coordinate variables exist, they are one dimensional, and their CF 'axis' or 'standard_name' attrs are correctly set.\"""", ""netcdf"": ""KeyError: \""No 'Z' axis dimension coordinate variables were found in the xarray object. Make sure dimension coordinate variables exist, they are one dimensional, and their CF 'axis' or 'standard_name' attrs are correctly set.\""""}}}, ""structure"": {""coord_value_mismatches"": {}, ""extra_coord_names_in_kerchunk"": [], ""kerchunk_coord_names"": [""time""], ""kerchunk_dims"": [""time""], ""kerchunk_dtype"": ""float64"", ""kerchunk_shape"": [240], ""missing_coord_names_in_kerchunk"": [], ""netcdf_coord_names"": [""time""], ""netcdf_dims"": [""time""], ""netcdf_dtype"": ""float64"", ""netcdf_shape"": [240]}}"
CMIP6.CMIP.AWI.AWI-ESM-1-1-LR.piControl.r1i1p1f1.Amon.huss.gn.v20200212::temporal,CMIP6.CMIP.AWI.AWI-ESM-1-1-LR.piControl.r1i1p1f1.Amon.huss.gn.v20200212,/global/cfs/projectdirs/m4931/gsharing/css03_data/CMIP6/CMIP/AWI/AWI-ESM-1-1-LR/piControl/r1i1p1f1/Amon/huss/gn/v20200212,/global/cfs/projectdirs/m4931/kerchunk/huss/piControl/mon/CMIP6.CMIP.AWI.AWI-ESM-1-1-LR.piControl.r1i1p1f1.Amon.huss.gn.v20200212.kerchunk.json,Amon,huss,100,100-149,5,temporal,"{""freq"": ""year""}",ok,,,,True,True,True,True,True,1e-06,1e-08,0.0,0.0,0.0,0.0,0.0,time,time,lat,lat,lon,lon,,,True,[],,"{""backend_execution"": {""kerchunk"": {""added_missing_bounds"": false, ""backend"": ""kerchunk"", ""dropped_non_dim_coords"": [""height""], ""output_var_dims"": [""time"", ""lat"", ""lon""], ""output_var_dtype"": ""float64"", ""output_var_shape"": [20, 96, 192], ""time_axis_name"": ""time""}, ""netcdf"": {""added_missing_bounds"": false, ""backend"": ""netcdf"", ""dropped_non_dim_coords"": [""height""], ""output_var_dims"": [""time"", ""lat"", ""lon""], ""output_var_dtype"": ""float64"", ""output_var_shape"": [20, 96, 192], ""time_axis_name"": ""time""}}, ""data"": {""left_dims"": [""time"", ""lat"", ""lon""], ""left_dtype"": ""float64"", ""left_shape"": [20, 96, 192], ""max_abs_diff"": 0.0, ""max_rel_diff"": 0.0, ""mismatch_mask"": null, ""nan_mismatch_count"": 0, ""right_dims"": [""time"", ""lat"", ""lon""], ""right_dtype"": ""float64"", ""right_shape"": [20, 96, 192]}, ""kerchunk_file_exists"": true, ""missing_netcdf_files"": [], ""netcdf_file_count_resolved"": 100, ""operation"": ""temporal"", ""operation_config"": {""freq"": ""year""}, ""output_axes"": {""axis_mismatch_reasons"": [], ""axis_resolution_errors"": {}, ""ignored_symmetric_axis_resolution_errors"": {""Z"": {""kerchunk"": ""KeyError: \""No 'Z' axis dimension coordinate variables were found in the xarray object. Make sure dimension coordinate variables exist, they are one dimensional, and their CF 'axis' or 'standard_name' attrs are correctly set.\"""", ""netcdf"": ""KeyError: \""No 'Z' axis dimension coordinate variables were found in the xarray object. Make sure dimension coordinate variables exist, they are one dimensional, and their CF 'axis' or 'standard_name' attrs are correctly set.\""""}}}, ""source_axes"": {""axis_mismatch_reasons"": [], ""axis_resolution_errors"": {}, ""ignored_symmetric_axis_resolution_errors"": {""Z"": {""kerchunk"": ""KeyError: \""No 'Z' axis dimension coordinate variables were found in the xarray object. Make sure dimension coordinate variables exist, they are one dimensional, and their CF 'axis' or 'standard_name' attrs are correctly set.\"""", ""netcdf"": ""KeyError: \""No 'Z' axis dimension coordinate variables were found in the xarray object. Make sure dimension coordinate variables exist, they are one dimensional, and their CF 'axis' or 'standard_name' attrs are correctly set.\""""}}}, ""structure"": {""coord_value_mismatches"": {}, ""extra_coord_names_in_kerchunk"": [], ""kerchunk_coord_names"": [""lat"", ""lon"", ""time""], ""kerchunk_dims"": [""time"", ""lat"", ""lon""], ""kerchunk_dtype"": ""float64"", ""kerchunk_shape"": [20, 96, 192], ""missing_coord_names_in_kerchunk"": [], ""netcdf_coord_names"": [""lat"", ""lon"", ""time""], ""netcdf_dims"": [""time"", ""lat"", ""lon""], ""netcdf_dtype"": ""float64"", ""netcdf_shape"": [20, 96, 192]}}"
CMIP6.CMIP.AWI.AWI-ESM-1-1-LR.piControl.r1i1p1f1.Amon.huss.gn.v20200212::vertical,CMIP6.CMIP.AWI.AWI-ESM-1-1-LR.piControl.r1i1p1f1.Amon.huss.gn.v20200212,/global/cfs/projectdirs/m4931/gsharing/css03_data/CMIP6/CMIP/AWI/AWI-ESM-1-1-LR/piControl/r1i1p1f1/Amon/huss/gn/v20200212,/global/cfs/projectdirs/m4931/kerchunk/huss/piControl/mon/CMIP6.CMIP.AWI.AWI-ESM-1-1-LR.piControl.r1i1p1f1.Amon.huss.gn.v20200212.kerchunk.json,Amon,huss,100,100-149,5,vertical,"{""method"": ""log"", ""target_plevs_pa"": [100000, 92500, 85000, 75000, 70000, 60000, 50000, 40000, 30000, 25000, 20000, 15000, 10000, 7000, 5000, 3000, 1000, 500, 300, 100], ""tool"": ""xgcm""}",skipped,missing_vertical_axis,,,,,,,,1e-06,1e-08,,,,,,,,,,,,,,False,"[""operation_not_applicable""]",operation_not_applicable,"{""backend_execution"": {""kerchunk"": {""backend"": ""kerchunk"", ""reason"": ""missing_vertical_axis"", ""z_axis_name"": null}, ""netcdf"": {""backend"": ""netcdf"", ""reason"": ""missing_vertical_axis"", ""z_axis_name"": null}}, ""kerchunk_file_exists"": true, ""missing_netcdf_files"": [], ""netcdf_file_count_resolved"": 100, ""operation"": ""vertical"", ""operation_config"": {""method"": ""log"", ""target_plevs_pa"": [100000, 92500, 85000, 75000, 70000, 60000, 50000, 40000, 30000, 25000, 20000, 15000, 10000, 7000, 5000, 3000, 1000, 500, 300, 100], ""tool"": ""xgcm""}, ""pair_resolution"": {""error_message"": null, ""error_type"": null, ""skip_reason"": ""missing_vertical_axis"", ""status"": ""skipped""}, ""source_axes"": {""axis_mismatch_reasons"": [], ""axis_resolution_errors"": {}, ""ignored_symmetric_axis_resolution_errors"": {""Z"": {""kerchunk"": ""KeyError: \""No 'Z' axis dimension coordinate variables were found in the xarray object. Make sure dimension coordinate variables exist, they are one dimensional, and their CF 'axis' or 'standard_name' attrs are correctly set.\"""", ""netcdf"": ""KeyError: \""No 'Z' axis dimension coordinate variables were found in the xarray object. Make sure dimension coordinate variables exist, they are one dimensional, and their CF 'axis' or 'standard_name' attrs are correctly set.\""""}}}}"
CMIP6.CMIP.MPI-M.MPI-ESM1-2-HR.piControl.r1i1p1f1.Amon.hur.gn.v20190710::horizontal,CMIP6.CMIP.MPI-M.MPI-ESM1-2-HR.piControl.r1i1p1f1.Amon.hur.gn.v20190710,/global/cfs/projectdirs/m4931/gsharing/css03_data/CMIP6/CMIP/MPI-M/MPI-ESM1-2-HR/piControl/r1i1p1f1/Amon/hur/gn/v20190710,/global/cfs/projectdirs/m4931/kerchunk/hur/piControl/mon/CMIP6.CMIP.MPI-M.MPI-ESM1-2-HR.piControl.r1i1p1f1.Amon.hur.gn.v20190710.kerchunk.json,Amon,hur,100,100-149,2,horizontal,"{""method"": ""bilinear"", ""target_grid"": {""lat_name"": ""lat"", ""lat_start"": -88, ""lat_step"": 4, ""lat_stop"": 88, ""lon_name"": ""lon"", ""lon_start"": 2, ""lon_step"": 4, ""lon_stop"": 358}, ""tool"": ""xesmf""}",ok,,,,True,True,True,True,True,1e-06,1e-08,0.0,0.0,0.0,0.0,0.0,time,time,lat,lat,lon,lon,plev,plev,True,[],,"{""backend_execution"": {""kerchunk"": {""added_missing_bounds"": true, ""added_missing_bounds_axes"": [""X"", ""Y""], ""backend"": ""kerchunk"", ""dropped_non_dim_coords"": [], ""output_var_dims"": [""time"", ""plev"", ""lat"", ""lon""], ""output_var_dtype"": ""float32"", ""output_var_shape"": [240, 19, 45, 90], ""x_axis_name"": ""lon"", ""y_axis_name"": ""lat""}, ""netcdf"": {""added_missing_bounds"": true, ""added_missing_bounds_axes"": [""X"", ""Y""], ""backend"": ""netcdf"", ""dropped_non_dim_coords"": [], ""output_var_dims"": [""time"", ""plev"", ""lat"", ""lon""], ""output_var_dtype"": ""float32"", ""output_var_shape"": [240, 19, 45, 90], ""x_axis_name"": ""lon"", ""y_axis_name"": ""lat""}}, ""data"": {""left_dims"": [""time"", ""plev"", ""lat"", ""lon""], ""left_dtype"": ""float32"", ""left_shape"": [240, 19, 45, 90], ""max_abs_diff"": 0.0, ""max_rel_diff"": 0.0, ""mismatch_mask"": null, ""nan_mismatch_count"": 0, ""right_dims"": [""time"", ""plev"", ""lat"", ""lon""], ""right_dtype"": ""float32"", ""right_shape"": [240, 19, 45, 90]}, ""kerchunk_file_exists"": true, ""missing_netcdf_files"": [], ""netcdf_file_count_resolved"": 100, ""operation"": ""horizontal"", ""operation_config"": {""method"": ""bilinear"", ""target_grid"": {""lat_name"": ""lat"", ""lat_start"": -88, ""lat_step"": 4, ""lat_stop"": 88, ""lon_name"": ""lon"", ""lon_start"": 2, ""lon_step"": 4, ""lon_stop"": 358}, ""tool"": ""xesmf""}, ""output_axes"": {""axis_mismatch_reasons"": [], ""axis_resolution_errors"": {}, ""ignored_symmetric_axis_resolution_errors"": {}}, ""source_axes"": {""axis_mismatch_reasons"": [], ""axis_resolution_errors"": {}, ""ignored_symmetric_axis_resolution_errors"": {}}, ""structure"": {""coord_value_mismatches"": {}, ""extra_coord_names_in_kerchunk"": [], ""kerchunk_coord_names"": [""lat"", ""lon"", ""plev"", ""time""], ""kerchunk_dims"": [""time"", ""plev"", ""lat"", ""lon""], ""kerchunk_dtype"": ""float32"", ""kerchunk_shape"": [240, 19, 45, 90], ""missing_coord_names_in_kerchunk"": [], ""netcdf_coord_names"": [""lat"", ""lon"", ""plev"", ""time""], ""netcdf_dims"": [""time"", ""plev"", ""lat"", ""lon""], ""netcdf_dtype"": ""float32"", ""netcdf_shape"": [240, 19, 45, 90]}}"
CMIP6.CMIP.MPI-M.MPI-ESM1-2-HR.piControl.r1i1p1f1.Amon.hur.gn.v20190710::spatial,CMIP6.CMIP.MPI-M.MPI-ESM1-2-HR.piControl.r1i1p1f1.Amon.hur.gn.v20190710,/global/cfs/projectdirs/m4931/gsharing/css03_data/CMIP6/CMIP/MPI-M/MPI-ESM1-2-HR/piControl/r1i1p1f1/Amon/hur/gn/v20190710,/global/cfs/projectdirs/m4931/kerchunk/hur/piControl/mon/CMIP6.CMIP.MPI-M.MPI-ESM1-2-HR.piControl.r1i1p1f1.Amon.hur.gn.v20190710.kerchunk.json,Amon,hur,100,100-149,2,spatial,"{""axis"": [""X"", ""Y""], ""weights"": ""generate""}",ok,,,,True,True,True,True,True,1e-06,1e-08,0.0,0.0,0.0,0.0,0.0,time,time,lat,lat,lon,lon,plev,plev,True,[],,"{""backend_execution"": {""kerchunk"": {""added_missing_bounds"": true, ""added_missing_bounds_axes"": [""X"", ""Y""], ""backend"": ""kerchunk"", ""dropped_non_dim_coords"": [], ""output_var_dims"": [""time"", ""plev""], ""output_var_dtype"": ""float64"", ""output_var_shape"": [240, 19], ""x_axis_name"": ""lon"", ""y_axis_name"": ""lat""}, ""netcdf"": {""added_missing_bounds"": true, ""added_missing_bounds_axes"": [""X"", ""Y""], ""backend"": ""netcdf"", ""dropped_non_dim_coords"": [], ""output_var_dims"": [""time"", ""plev""], ""output_var_dtype"": ""float64"", ""output_var_shape"": [240, 19], ""x_axis_name"": ""lon"", ""y_axis_name"": ""lat""}}, ""data"": {""left_dims"": [""time"", ""plev""], ""left_dtype"": ""float64"", ""left_shape"": [240, 19], ""max_abs_diff"": 0.0, ""max_rel_diff"": 0.0, ""mismatch_mask"": null, ""nan_mismatch_count"": 0, ""right_dims"": [""time"", ""plev""], ""right_dtype"": ""float64"", ""right_shape"": [240, 19]}, ""kerchunk_file_exists"": true, ""missing_netcdf_files"": [], ""netcdf_file_count_resolved"": 100, ""operation"": ""spatial"", ""operation_config"": {""axis"": [""X"", ""Y""], ""weights"": ""generate""}, ""output_axes"": {""axis_mismatch_reasons"": [], ""axis_resolution_errors"": {}, ""ignored_symmetric_axis_resolution_errors"": {}}, ""source_axes"": {""axis_mismatch_reasons"": [], ""axis_resolution_errors"": {}, ""ignored_symmetric_axis_resolution_errors"": {}}, ""structure"": {""coord_value_mismatches"": {}, ""extra_coord_names_in_kerchunk"": [], ""kerchunk_coord_names"": [""plev"", ""time""], ""kerchunk_dims"": [""time"", ""plev""], ""kerchunk_dtype"": ""float64"", ""kerchunk_shape"": [240, 19], ""missing_coord_names_in_kerchunk"": [], ""netcdf_coord_names"": [""plev"", ""time""], ""netcdf_dims"": [""time"", ""plev""], ""netcdf_dtype"": ""float64"", ""netcdf_shape"": [240, 19]}}"
CMIP6.CMIP.MPI-M.MPI-ESM1-2-HR.piControl.r1i1p1f1.Amon.hur.gn.v20190710::temporal,CMIP6.CMIP.MPI-M.MPI-ESM1-2-HR.piControl.r1i1p1f1.Amon.hur.gn.v20190710,/global/cfs/projectdirs/m4931/gsharing/css03_data/CMIP6/CMIP/MPI-M/MPI-ESM1-2-HR/piControl/r1i1p1f1/Amon/hur/gn/v20190710,/global/cfs/projectdirs/m4931/kerchunk/hur/piControl/mon/CMIP6.CMIP.MPI-M.MPI-ESM1-2-HR.piControl.r1i1p1f1.Amon.hur.gn.v20190710.kerchunk.json,Amon,hur,100,100-149,2,temporal,"{""freq"": ""year""}",ok,,,,True,True,True,True,True,1e-06,1e-08,0.0,0.0,0.0,0.0,0.0,time,time,lat,lat,lon,lon,plev,plev,True,[],,"{""backend_execution"": {""kerchunk"": {""added_missing_bounds"": false, ""backend"": ""kerchunk"", ""dropped_non_dim_coords"": [], ""output_var_dims"": [""time"", ""plev"", ""lat"", ""lon""], ""output_var_dtype"": ""float64"", ""output_var_shape"": [20, 19, 192, 384], ""time_axis_name"": ""time""}, ""netcdf"": {""added_missing_bounds"": false, ""backend"": ""netcdf"", ""dropped_non_dim_coords"": [], ""output_var_dims"": [""time"", ""plev"", ""lat"", ""lon""], ""output_var_dtype"": ""float64"", ""output_var_shape"": [20, 19, 192, 384], ""time_axis_name"": ""time""}}, ""data"": {""left_dims"": [""time"", ""plev"", ""lat"", ""lon""], ""left_dtype"": ""float64"", ""left_shape"": [20, 19, 192, 384], ""max_abs_diff"": 0.0, ""max_rel_diff"": 0.0, ""mismatch_mask"": null, ""nan_mismatch_count"": 0, ""right_dims"": [""time"", ""plev"", ""lat"", ""lon""], ""right_dtype"": ""float64"", ""right_shape"": [20, 19, 192, 384]}, ""kerchunk_file_exists"": true, ""missing_netcdf_files"": [], ""netcdf_file_count_resolved"": 100, ""operation"": ""temporal"", ""operation_config"": {""freq"": ""year""}, ""output_axes"": {""axis_mismatch_reasons"": [], ""axis_resolution_errors"": {}, ""ignored_symmetric_axis_resolution_errors"": {}}, ""source_axes"": {""axis_mismatch_reasons"": [], ""axis_resolution_errors"": {}, ""ignored_symmetric_axis_resolution_errors"": {}}, ""structure"": {""coord_value_mismatches"": {}, ""extra_coord_names_in_kerchunk"": [], ""kerchunk_coord_names"": [""lat"", ""lon"", ""plev"", ""time""], ""kerchunk_dims"": [""time"", ""plev"", ""lat"", ""lon""], ""kerchunk_dtype"": ""float64"", ""kerchunk_shape"": [20, 19, 192, 384], ""missing_coord_names_in_kerchunk"": [], ""netcdf_coord_names"": [""lat"", ""lon"", ""plev"", ""time""], ""netcdf_dims"": [""time"", ""plev"", ""lat"", ""lon""], ""netcdf_dtype"": ""float64"", ""netcdf_shape"": [20, 19, 192, 384]}}"
CMIP6.CMIP.MPI-M.MPI-ESM1-2-HR.piControl.r1i1p1f1.Amon.hur.gn.v20190710::vertical,CMIP6.CMIP.MPI-M.MPI-ESM1-2-HR.piControl.r1i1p1f1.Amon.hur.gn.v20190710,/global/cfs/projectdirs/m4931/gsharing/css03_data/CMIP6/CMIP/MPI-M/MPI-ESM1-2-HR/piControl/r1i1p1f1/Amon/hur/gn/v20190710,/global/cfs/projectdirs/m4931/kerchunk/hur/piControl/mon/CMIP6.CMIP.MPI-M.MPI-ESM1-2-HR.piControl.r1i1p1f1.Amon.hur.gn.v20190710.kerchunk.json,Amon,hur,100,100-149,2,vertical,"{""method"": ""log"", ""target_plevs_pa"": [100000, 92500, 85000, 75000, 70000, 60000, 50000, 40000, 30000, 25000, 20000, 15000, 10000, 7000, 5000, 3000, 1000, 500, 300, 100], ""tool"": ""xgcm""}",error,,operation_failed_both_backends,"kerchunk=vertical_operation_failed:dimension temp_unique on 0th function argument to apply_ufunc with dask='parallelized' consists of multiple chunks, but is also a core dimension. To fix, either rechunk into a single array chunk along this dimension, i.e., ``.chunk(dict(temp_unique=-1))``, or pass ``allow_rechunk=True`` in ``dask_gufunc_kwargs`` but beware that this may significantly increase memory usage. | netcdf=vertical_operation_failed:dimension temp_unique on 0th function argument to apply_ufunc with dask='parallelized' consists of multiple chunks, but is also a core dimension. To fix, either rechunk into a single array chunk along this dimension, i.e., ``.chunk(dict(temp_unique=-1))``, or pass ``allow_rechunk=True`` in ``dask_gufunc_kwargs`` but beware that this may significantly increase memory usage.",,,,,,1e-06,1e-08,,,,,,,,,,,,,,False,"[""backend_execution_mismatch""]",backend_execution_mismatch,"{""backend_execution"": {""kerchunk"": {""added_missing_bounds"": true, ""added_missing_bounds_axes"": [""Z""], ""backend"": ""kerchunk"", ""operation_error"": ""ValueError: dimension temp_unique on 0th function argument to apply_ufunc with dask='parallelized' consists of multiple chunks, but is also a core dimension. To fix, either rechunk into a single array chunk along this dimension, i.e., ``.chunk(dict(temp_unique=-1))``, or pass ``allow_rechunk=True`` in ``dask_gufunc_kwargs`` but beware that this may significantly increase memory usage."", ""vertical_kwargs"": {""tool"": ""xgcm""}, ""z_axis_name"": ""plev""}, ""netcdf"": {""added_missing_bounds"": true, ""added_missing_bounds_axes"": [""Z""], ""backend"": ""netcdf"", ""operation_error"": ""ValueError: dimension temp_unique on 0th function argument to apply_ufunc with dask='parallelized' consists of multiple chunks, but is also a core dimension. To fix, either rechunk into a single array chunk along this dimension, i.e., ``.chunk(dict(temp_unique=-1))``, or pass ``allow_rechunk=True`` in ``dask_gufunc_kwargs`` but beware that this may significantly increase memory usage."", ""vertical_kwargs"": {""tool"": ""xgcm""}, ""z_axis_name"": ""plev""}}, ""kerchunk_file_exists"": true, ""missing_netcdf_files"": [], ""netcdf_file_count_resolved"": 100, ""operation"": ""vertical"", ""operation_config"": {""method"": ""log"", ""target_plevs_pa"": [100000, 92500, 85000, 75000, 70000, 60000, 50000, 40000, 30000, 25000, 20000, 15000, 10000, 7000, 5000, 3000, 1000, 500, 300, 100], ""tool"": ""xgcm""}, ""pair_resolution"": {""error_message"": ""kerchunk=vertical_operation_failed:dimension temp_unique on 0th function argument to apply_ufunc with dask='parallelized' consists of multiple chunks, but is also a core dimension. To fix, either rechunk into a single array chunk along this dimension, i.e., ``.chunk(dict(temp_unique=-1))``, or pass ``allow_rechunk=True`` in ``dask_gufunc_kwargs`` but beware that this may significantly increase memory usage. | netcdf=vertical_operation_failed:dimension temp_unique on 0th function argument to apply_ufunc with dask='parallelized' consists of multiple chunks, but is also a core dimension. To fix, either rechunk into a single array chunk along this dimension, i.e., ``.chunk(dict(temp_unique=-1))``, or pass ``allow_rechunk=True`` in ``dask_gufunc_kwargs`` but beware that this may significantly increase memory usage."", ""error_type"": ""operation_failed_both_backends"", ""status"": ""error""}, ""source_axes"": {""axis_mismatch_reasons"": [], ""axis_resolution_errors"": {}, ""ignored_symmetric_axis_resolution_errors"": {}}}"
CMIP6.CMIP.MPI-M.MPI-ESM1-2-HR.piControl.r1i1p1f1.Amon.hus.gn.v20190710::horizontal,CMIP6.CMIP.MPI-M.MPI-ESM1-2-HR.piControl.r1i1p1f1.Amon.hus.gn.v20190710,/global/cfs/projectdirs/m4931/gsharing/css03_data/CMIP6/CMIP/MPI-M/MPI-ESM1-2-HR/piControl/r1i1p1f1/Amon/hus/gn/v20190710,/global/cfs/projectdirs/m4931/kerchunk/hus/piControl/mon/CMIP6.CMIP.MPI-M.MPI-ESM1-2-HR.piControl.r1i1p1f1.Amon.hus.gn.v20190710.kerchunk.json,Amon,hus,100,100-149,4,horizontal,"{""method"": ""bilinear"", ""target_grid"": {""lat_name"": ""lat"", ""lat_start"": -88, ""lat_step"": 4, ""lat_stop"": 88, ""lon_name"": ""lon"", ""lon_start"": 2, ""lon_step"": 4, ""lon_stop"": 358}, ""tool"": ""xesmf""}",ok,,,,True,True,True,True,True,1e-06,1e-08,0.0,0.0,0.0,0.0,0.0,time,time,lat,lat,lon,lon,plev,plev,True,[],,"{""backend_execution"": {""kerchunk"": {""added_missing_bounds"": true, ""added_missing_bounds_axes"": [""X"", ""Y""], ""backend"": ""kerchunk"", ""dropped_non_dim_coords"": [], ""output_var_dims"": [""time"", ""plev"", ""lat"", ""lon""], ""output_var_dtype"": ""float32"", ""output_var_shape"": [240, 19, 45, 90], ""x_axis_name"": ""lon"", ""y_axis_name"": ""lat""}, ""netcdf"": {""added_missing_bounds"": true, ""added_missing_bounds_axes"": [""X"", ""Y""], ""backend"": ""netcdf"", ""dropped_non_dim_coords"": [], ""output_var_dims"": [""time"", ""plev"", ""lat"", ""lon""], ""output_var_dtype"": ""float32"", ""output_var_shape"": [240, 19, 45, 90], ""x_axis_name"": ""lon"", ""y_axis_name"": ""lat""}}, ""data"": {""left_dims"": [""time"", ""plev"", ""lat"", ""lon""], ""left_dtype"": ""float32"", ""left_shape"": [240, 19, 45, 90], ""max_abs_diff"": 0.0, ""max_rel_diff"": 0.0, ""mismatch_mask"": null, ""nan_mismatch_count"": 0, ""right_dims"": [""time"", ""plev"", ""lat"", ""lon""], ""right_dtype"": ""float32"", ""right_shape"": [240, 19, 45, 90]}, ""kerchunk_file_exists"": true, ""missing_netcdf_files"": [], ""netcdf_file_count_resolved"": 100, ""operation"": ""horizontal"", ""operation_config"": {""method"": ""bilinear"", ""target_grid"": {""lat_name"": ""lat"", ""lat_start"": -88, ""lat_step"": 4, ""lat_stop"": 88, ""lon_name"": ""lon"", ""lon_start"": 2, ""lon_step"": 4, ""lon_stop"": 358}, ""tool"": ""xesmf""}, ""output_axes"": {""axis_mismatch_reasons"": [], ""axis_resolution_errors"": {}, ""ignored_symmetric_axis_resolution_errors"": {}}, ""source_axes"": {""axis_mismatch_reasons"": [], ""axis_resolution_errors"": {}, ""ignored_symmetric_axis_resolution_errors"": {}}, ""structure"": {""coord_value_mismatches"": {}, ""extra_coord_names_in_kerchunk"": [], ""kerchunk_coord_names"": [""lat"", ""lon"", ""plev"", ""time""], ""kerchunk_dims"": [""time"", ""plev"", ""lat"", ""lon""], ""kerchunk_dtype"": ""float32"", ""kerchunk_shape"": [240, 19, 45, 90], ""missing_coord_names_in_kerchunk"": [], ""netcdf_coord_names"": [""lat"", ""lon"", ""plev"", ""time""], ""netcdf_dims"": [""time"", ""plev"", ""lat"", ""lon""], ""netcdf_dtype"": ""float32"", ""netcdf_shape"": [240, 19, 45, 90]}}"
CMIP6.CMIP.MPI-M.MPI-ESM1-2-HR.piControl.r1i1p1f1.Amon.hus.gn.v20190710::spatial,CMIP6.CMIP.MPI-M.MPI-ESM1-2-HR.piControl.r1i1p1f1.Amon.hus.gn.v20190710,/global/cfs/projectdirs/m4931/gsharing/css03_data/CMIP6/CMIP/MPI-M/MPI-ESM1-2-HR/piControl/r1i1p1f1/Amon/hus/gn/v20190710,/global/cfs/projectdirs/m4931/kerchunk/hus/piControl/mon/CMIP6.CMIP.MPI-M.MPI-ESM1-2-HR.piControl.r1i1p1f1.Amon.hus.gn.v20190710.kerchunk.json,Amon,hus,100,100-149,4,spatial,"{""axis"": [""X"", ""Y""], ""weights"": ""generate""}",ok,,,,True,True,True,True,True,1e-06,1e-08,0.0,0.0,0.0,0.0,0.0,time,time,lat,lat,lon,lon,plev,plev,True,[],,"{""backend_execution"": {""kerchunk"": {""added_missing_bounds"": true, ""added_missing_bounds_axes"": [""X"", ""Y""], ""backend"": ""kerchunk"", ""dropped_non_dim_coords"": [], ""output_var_dims"": [""time"", ""plev""], ""output_var_dtype"": ""float64"", ""output_var_shape"": [240, 19], ""x_axis_name"": ""lon"", ""y_axis_name"": ""lat""}, ""netcdf"": {""added_missing_bounds"": true, ""added_missing_bounds_axes"": [""X"", ""Y""], ""backend"": ""netcdf"", ""dropped_non_dim_coords"": [], ""output_var_dims"": [""time"", ""plev""], ""output_var_dtype"": ""float64"", ""output_var_shape"": [240, 19], ""x_axis_name"": ""lon"", ""y_axis_name"": ""lat""}}, ""data"": {""left_dims"": [""time"", ""plev""], ""left_dtype"": ""float64"", ""left_shape"": [240, 19], ""max_abs_diff"": 0.0, ""max_rel_diff"": 0.0, ""mismatch_mask"": null, ""nan_mismatch_count"": 0, ""right_dims"": [""time"", ""plev""], ""right_dtype"": ""float64"", ""right_shape"": [240, 19]}, ""kerchunk_file_exists"": true, ""missing_netcdf_files"": [], ""netcdf_file_count_resolved"": 100, ""operation"": ""spatial"", ""operation_config"": {""axis"": [""X"", ""Y""], ""weights"": ""generate""}, ""output_axes"": {""axis_mismatch_reasons"": [], ""axis_resolution_errors"": {}, ""ignored_symmetric_axis_resolution_errors"": {}}, ""source_axes"": {""axis_mismatch_reasons"": [], ""axis_resolution_errors"": {}, ""ignored_symmetric_axis_resolution_errors"": {}}, ""structure"": {""coord_value_mismatches"": {}, ""extra_coord_names_in_kerchunk"": [], ""kerchunk_coord_names"": [""plev"", ""time""], ""kerchunk_dims"": [""time"", ""plev""], ""kerchunk_dtype"": ""float64"", ""kerchunk_shape"": [240, 19], ""missing_coord_names_in_kerchunk"": [], ""netcdf_coord_names"": [""plev"", ""time""], ""netcdf_dims"": [""time"", ""plev""], ""netcdf_dtype"": ""float64"", ""netcdf_shape"": [240, 19]}}"
CMIP6.CMIP.MPI-M.MPI-ESM1-2-HR.piControl.r1i1p1f1.Amon.hus.gn.v20190710::temporal,CMIP6.CMIP.MPI-M.MPI-ESM1-2-HR.piControl.r1i1p1f1.Amon.hus.gn.v20190710,/global/cfs/projectdirs/m4931/gsharing/css03_data/CMIP6/CMIP/MPI-M/MPI-ESM1-2-HR/piControl/r1i1p1f1/Amon/hus/gn/v20190710,/global/cfs/projectdirs/m4931/kerchunk/hus/piControl/mon/CMIP6.CMIP.MPI-M.MPI-ESM1-2-HR.piControl.r1i1p1f1.Amon.hus.gn.v20190710.kerchunk.json,Amon,hus,100,100-149,4,temporal,"{""freq"": ""year""}",ok,,,,True,True,True,True,True,1e-06,1e-08,0.0,0.0,0.0,0.0,0.0,time,time,lat,lat,lon,lon,plev,plev,True,[],,"{""backend_execution"": {""kerchunk"": {""added_missing_bounds"": false, ""backend"": ""kerchunk"", ""dropped_non_dim_coords"": [], ""output_var_dims"": [""time"", ""plev"", ""lat"", ""lon""], ""output_var_dtype"": ""float64"", ""output_var_shape"": [20, 19, 192, 384], ""time_axis_name"": ""time""}, ""netcdf"": {""added_missing_bounds"": false, ""backend"": ""netcdf"", ""dropped_non_dim_coords"": [], ""output_var_dims"": [""time"", ""plev"", ""lat"", ""lon""], ""output_var_dtype"": ""float64"", ""output_var_shape"": [20, 19, 192, 384], ""time_axis_name"": ""time""}}, ""data"": {""left_dims"": [""time"", ""plev"", ""lat"", ""lon""], ""left_dtype"": ""float64"", ""left_shape"": [20, 19, 192, 384], ""max_abs_diff"": 0.0, ""max_rel_diff"": 0.0, ""mismatch_mask"": null, ""nan_mismatch_count"": 0, ""right_dims"": [""time"", ""plev"", ""lat"", ""lon""], ""right_dtype"": ""float64"", ""right_shape"": [20, 19, 192, 384]}, ""kerchunk_file_exists"": true, ""missing_netcdf_files"": [], ""netcdf_file_count_resolved"": 100, ""operation"": ""temporal"", ""operation_config"": {""freq"": ""year""}, ""output_axes"": {""axis_mismatch_reasons"": [], ""axis_resolution_errors"": {}, ""ignored_symmetric_axis_resolution_errors"": {}}, ""source_axes"": {""axis_mismatch_reasons"": [], ""axis_resolution_errors"": {}, ""ignored_symmetric_axis_resolution_errors"": {}}, ""structure"": {""coord_value_mismatches"": {}, ""extra_coord_names_in_kerchunk"": [], ""kerchunk_coord_names"": [""lat"", ""lon"", ""plev"", ""time""], ""kerchunk_dims"": [""time"", ""plev"", ""lat"", ""lon""], ""kerchunk_dtype"": ""float64"", ""kerchunk_shape"": [20, 19, 192, 384], ""missing_coord_names_in_kerchunk"": [], ""netcdf_coord_names"": [""lat"", ""lon"", ""plev"", ""time""], ""netcdf_dims"": [""time"", ""plev"", ""lat"", ""lon""], ""netcdf_dtype"": ""float64"", ""netcdf_shape"": [20, 19, 192, 384]}}"
CMIP6.CMIP.MPI-M.MPI-ESM1-2-HR.piControl.r1i1p1f1.Amon.hus.gn.v20190710::vertical,CMIP6.CMIP.MPI-M.MPI-ESM1-2-HR.piControl.r1i1p1f1.Amon.hus.gn.v20190710,/global/cfs/projectdirs/m4931/gsharing/css03_data/CMIP6/CMIP/MPI-M/MPI-ESM1-2-HR/piControl/r1i1p1f1/Amon/hus/gn/v20190710,/global/cfs/projectdirs/m4931/kerchunk/hus/piControl/mon/CMIP6.CMIP.MPI-M.MPI-ESM1-2-HR.piControl.r1i1p1f1.Amon.hus.gn.v20190710.kerchunk.json,Amon,hus,100,100-149,4,vertical,"{""method"": ""log"", ""target_plevs_pa"": [100000, 92500, 85000, 75000, 70000, 60000, 50000, 40000, 30000, 25000, 20000, 15000, 10000, 7000, 5000, 3000, 1000, 500, 300, 100], ""tool"": ""xgcm""}",error,,operation_failed_both_backends,"kerchunk=vertical_operation_failed:dimension temp_unique on 0th function argument to apply_ufunc with dask='parallelized' consists of multiple chunks, but is also a core dimension. To fix, either rechunk into a single array chunk along this dimension, i.e., ``.chunk(dict(temp_unique=-1))``, or pass ``allow_rechunk=True`` in ``dask_gufunc_kwargs`` but beware that this may significantly increase memory usage. | netcdf=vertical_operation_failed:dimension temp_unique on 0th function argument to apply_ufunc with dask='parallelized' consists of multiple chunks, but is also a core dimension. To fix, either rechunk into a single array chunk along this dimension, i.e., ``.chunk(dict(temp_unique=-1))``, or pass ``allow_rechunk=True`` in ``dask_gufunc_kwargs`` but beware that this may significantly increase memory usage.",,,,,,1e-06,1e-08,,,,,,,,,,,,,,False,"[""backend_execution_mismatch""]",backend_execution_mismatch,"{""backend_execution"": {""kerchunk"": {""added_missing_bounds"": true, ""added_missing_bounds_axes"": [""Z""], ""backend"": ""kerchunk"", ""operation_error"": ""ValueError: dimension temp_unique on 0th function argument to apply_ufunc with dask='parallelized' consists of multiple chunks, but is also a core dimension. To fix, either rechunk into a single array chunk along this dimension, i.e., ``.chunk(dict(temp_unique=-1))``, or pass ``allow_rechunk=True`` in ``dask_gufunc_kwargs`` but beware that this may significantly increase memory usage."", ""vertical_kwargs"": {""tool"": ""xgcm""}, ""z_axis_name"": ""plev""}, ""netcdf"": {""added_missing_bounds"": true, ""added_missing_bounds_axes"": [""Z""], ""backend"": ""netcdf"", ""operation_error"": ""ValueError: dimension temp_unique on 0th function argument to apply_ufunc with dask='parallelized' consists of multiple chunks, but is also a core dimension. To fix, either rechunk into a single array chunk along this dimension, i.e., ``.chunk(dict(temp_unique=-1))``, or pass ``allow_rechunk=True`` in ``dask_gufunc_kwargs`` but beware that this may significantly increase memory usage."", ""vertical_kwargs"": {""tool"": ""xgcm""}, ""z_axis_name"": ""plev""}}, ""kerchunk_file_exists"": true, ""missing_netcdf_files"": [], ""netcdf_file_count_resolved"": 100, ""operation"": ""vertical"", ""operation_config"": {""method"": ""log"", ""target_plevs_pa"": [100000, 92500, 85000, 75000, 70000, 60000, 50000, 40000, 30000, 25000, 20000, 15000, 10000, 7000, 5000, 3000, 1000, 500, 300, 100], ""tool"": ""xgcm""}, ""pair_resolution"": {""error_message"": ""kerchunk=vertical_operation_failed:dimension temp_unique on 0th function argument to apply_ufunc with dask='parallelized' consists of multiple chunks, but is also a core dimension. To fix, either rechunk into a single array chunk along this dimension, i.e., ``.chunk(dict(temp_unique=-1))``, or pass ``allow_rechunk=True`` in ``dask_gufunc_kwargs`` but beware that this may significantly increase memory usage. | netcdf=vertical_operation_failed:dimension temp_unique on 0th function argument to apply_ufunc with dask='parallelized' consists of multiple chunks, but is also a core dimension. To fix, either rechunk into a single array chunk along this dimension, i.e., ``.chunk(dict(temp_unique=-1))``, or pass ``allow_rechunk=True`` in ``dask_gufunc_kwargs`` but beware that this may significantly increase memory usage."", ""error_type"": ""operation_failed_both_backends"", ""status"": ""error""}, ""source_axes"": {""axis_mismatch_reasons"": [], ""axis_resolution_errors"": {}, ""ignored_symmetric_axis_resolution_errors"": {}}}"
