pkg,gb,api,runtime_serial,runtime_parallel
xcdat,7,spatial_avg,56.5594264077954,16.829675971064717
xcdat,12,spatial_avg,117.62286368990317,17.55856647528708
xcdat,22,spatial_avg,362.2173962262459,53.8069431069307
xcdat,50,spatial_avg,773.3654496143572,101.9385607978329
xcdat,74,spatial_avg,639.302411197219,217.37717509176582
xcdat,105,spatial_avg,0,1113.8059843922965
