pkg,gb,api,runtime_serial,runtime_parallel
xcdat,7,spatial_avg,43.11845892854035,16.758081779815257
xcdat,12,spatial_avg,79.40677194856107,17.27973592467606
xcdat,22,spatial_avg,212.56782301329076,50.019821451976895
xcdat,50,spatial_avg,623.582785461098,101.89867543708533
xcdat,74,spatial_avg,561.2763914745301,216.023405845277
xcdat,105,spatial_avg,0,1204.9387857615948
